{
    "data": [
        {
            "account": {
                "accountId": "123456788",
                "accountName": "Currenci Direc Inc",
                "bankId": "02100002",
                "branchId": "",
                "bankName": "JPMORGAN CHASE BANK, N.A. - NEW YOR",
                "currency": {
                    "code": "USD",
                    "description": "US DOLLAR",
                    "decimalLocation": 2,
                    "currencySequence": 0
                },
                "aba": "021000021"
            },
            "asOfDateTime": "2024-02-06T20:27:32Z",
            "valueDateTime": "2024-02-06T07:40:40Z",
            "asOfDate": "2024-02-06",
            "valueDate": "2024-02-06",
            "recordTimestamp": "2024-02-06T07:40:40Z",
            "lastUpdate": null,
            "receivedTimestamp": "2024-02-06T20:27:32Z",
            "productGroup": {
                "groupCode": "CHIP",
                "groupDescription": "CHIPS TRANSFERS",
                "wire": true
            },
            "debitCreditCode": "CREDIT",
            "baiType": {
                "typeCode": "195",
                "summaryTypeCode": "190",
                "description": "IND INCOMING MONEY TRANSFER",
                "shortDescription": "INDIV MONEY TRANSFER",
                "groupCode": "WIRE",
                "groupDescription": "WIRE",
                "productGroupCode": "WIRE",
                "btrsTypeCode": "195",
                "germanTypeCode": "051",
                "swiftTypeCode": "TRF"
            },
            "ddaTxnCode": "398",
            "originalTransactionCode": null,
            "fundsTypeCode": "SAME",
            "currency": {
                "code": "USD",
                "description": "US DOLLAR",
                "decimalLocation": 2,
                "currencySequence": 0
            },
            "amount": 92.01,
            "immediateAvailable": 3.01,
            "day1Available": 0.0,
            "day2Available": 0.0,
            "day2PlusAvailable": null,
            "day3PlusAvailable": 0.0,
            "bankReferenceSearchable": {
                "standardValue": "1451630326FC",
                "searchValue": "1451630326FC"
            },
            "customerReferenceSearchable": {
                "standardValue": "O/B HSBC USA",
                "searchValue": "O/B HSBC USA"
            },
            "wireReferenceSearchable": null,
            "repairCode": "S",
            "reversal": false,
            "override": false,
            "transactionStatus": "O",
            "shortDescription": "CHIPS CREDIT",
            "wireType": "CHIP",
            "checkNumber": 0,
            "lockboxSequenceCode": "",
            "lockboxItems": 0.0,
            "lockboxNumber": "",
            "lockboxDepositDate": null,
            "lockboxDepositTime": null,
            "narrativeText": {
                "YOUR REF    ": "O/B HSBC USA",
                "REC FROM    ": "HSBC BANK USA, N.A. 452 FIFTH AVENUE NEW YORK NY 19713 US",
                "IND ID NO   ": "Yogesh Ingulkar",
                "IND NAME    ": "Yogesh Ingulkar",
                "B/O CUSTOMER": "/26735719 Yogesh Ingulkar 937 HAYDEN RD EAST CALAIS VT/US",
                "REMARK      ": "VXR/10000000006067 TEST TRANSFER BETWEEN ACCOUNT /CHGS/USD0,00/ /BNF/FW 028000024 DEBIT REF 32663602",
                "REC GFP     ": "11221826",
                "CHIP SEQ    ": "0036799",
                "CHIP REF    ": "554602"
            },
            "narrativeTypeCode": "T",
            "addenda": [],
            "floatSpreadCode": "3",
            "sepaDetailsXml": null,
            "postCode": "P",
            "supplementalTextSet": {},
            "supplementalTextRecordList": null,
            "supplementalText": null,
            "thirdPartyBank": false,
            "achBatchItems": null,
            "sepaType": false,
            "transactionId": "TXN-P-4136266-61037",
            "loggedAt": "2024-02-06T02:45:21.779733"
        },
        {
            "account": {
                "accountId": "123456788",
                "accountName": "Currenci Direc Inc",
                "bankId": "02100002",
                "branchId": "",
                "bankName": "JPMORGAN CHASE BANK, N.A. - NEW YOR",
                "currency": {
                    "code": "USD",
                    "description": "US DOLLAR",
                    "decimalLocation": 2,
                    "currencySequence": 0
                },
                "aba": "021000021"
            },
            "asOfDateTime": "2024-02-06T20:27:32Z",
            "valueDateTime": "2024-02-06T07:40:40Z",
            "asOfDate": "2024-02-06",
            "valueDate": "2024-02-06",
            "recordTimestamp": "2024-02-06T07:40:40Z",
            "lastUpdate": null,
            "receivedTimestamp": "2024-02-06T20:27:32Z",
            "productGroup": {
                "groupCode": "CHIP",
                "groupDescription": "CHIPS TRANSFERS",
                "wire": true
            },
            "debitCreditCode": "CREDIT",
            "baiType": {
                "typeCode": "195",
                "summaryTypeCode": "190",
                "description": "IND INCOMING MONEY TRANSFER",
                "shortDescription": "INDIV MONEY TRANSFER",
                "groupCode": "WIRE",
                "groupDescription": "WIRE",
                "productGroupCode": "WIRE",
                "btrsTypeCode": "195",
                "germanTypeCode": "051",
                "swiftTypeCode": "TRF"
            },
            "ddaTxnCode": "398",
            "originalTransactionCode": null,
            "fundsTypeCode": "SAME",
            "currency": {
                "code": "USD",
                "description": "US DOLLAR",
                "decimalLocation": 2,
                "currencySequence": 0
            },
            "amount": 92.02,
            "immediateAvailable": 3.02,
            "day1Available": 0.0,
            "day2Available": 0.0,
            "day2PlusAvailable": null,
            "day3PlusAvailable": 0.0,
            "bankReferenceSearchable": {
                "standardValue": "1451630326FC",
                "searchValue": "1451630326FC"
            },
            "customerReferenceSearchable": {
                "standardValue": "O/B HSBC USA",
                "searchValue": "O/B HSBC USA"
            },
            "wireReferenceSearchable": null,
            "repairCode": "S",
            "reversal": false,
            "override": false,
            "transactionStatus": "O",
            "shortDescription": "CHIPS CREDIT",
            "wireType": "CHIP",
            "checkNumber": 0,
            "lockboxSequenceCode": "",
            "lockboxItems": 0.0,
            "lockboxNumber": "",
            "lockboxDepositDate": null,
            "lockboxDepositTime": null,
            "narrativeText": {
                "YOUR REF    ": "O/B HSBC USA",
                "REC FROM    ": "HSBC BANK USA, N.A. 452 FIFTH AVENUE NEW YORK NY 19713 US",
                "IND ID NO   ": "Yogesh Ingulkar",
                "IND NAME    ": "Yogesh Ingulkar",
                "B/O CUSTOMER": "/26735719 Yogesh Gorakh Ingulkar 937 HAYDEN RD EAST CALAIS VT/US",
                "REMARK      ": "VXR/10000000006067 TEST TRANSFER BETWEEN ACCOUNT /CHGS/USD0,00/ /BNF/FW 028000024 DEBIT REF 32663602",
                "REC GFP     ": "11221826",
                "CHIP SEQ    ": "0036799",
                "CHIP REF    ": "554602"
            },
            "narrativeTypeCode": "T",
            "addenda": [],
            "floatSpreadCode": "3",
            "sepaDetailsXml": null,
            "postCode": "P",
            "supplementalTextSet": {},
            "supplementalTextRecordList": null,
            "supplementalText": null,
            "thirdPartyBank": false,
            "achBatchItems": null,
            "sepaType": false,
            "transactionId": "TXN-P-4136266-61037",
            "loggedAt": "2024-02-06T02:45:21.779733"
        },{
            "account": {
                "accountId": "123456788",
                "accountName": "Currenci Direc Inc",
                "bankId": "02100002",
                "branchId": "",
                "bankName": "JPMORGAN CHASE BANK, N.A. - NEW YOR",
                "currency": {
                    "code": "USD",
                    "description": "US DOLLAR",
                    "decimalLocation": 2,
                    "currencySequence": 0
                },
                "aba": "021000021"
            },
            "asOfDateTime": "2024-02-06T20:27:32Z",
            "valueDateTime": "2024-02-06T07:40:40Z",
            "asOfDate": "2024-02-06",
            "valueDate": "2024-02-06",
            "recordTimestamp": "2024-02-06T07:40:40Z",
            "lastUpdate": null,
            "receivedTimestamp": "2024-02-06T20:27:32Z",
            "productGroup": {
                "groupCode": "CHIP",
                "groupDescription": "CHIPS TRANSFERS",
                "wire": true
            },
            "debitCreditCode": "CREDIT",
            "baiType": {
                "typeCode": "195",
                "summaryTypeCode": "190",
                "description": "IND INCOMING MONEY TRANSFER",
                "shortDescription": "INDIV MONEY TRANSFER",
                "groupCode": "WIRE",
                "groupDescription": "WIRE",
                "productGroupCode": "WIRE",
                "btrsTypeCode": "195",
                "germanTypeCode": "051",
                "swiftTypeCode": "TRF"
            },
            "ddaTxnCode": "398",
            "originalTransactionCode": null,
            "fundsTypeCode": "SAME",
            "currency": {
                "code": "USD",
                "description": "US DOLLAR",
                "decimalLocation": 2,
                "currencySequence": 0
            },
            "amount": 92.03,
            "immediateAvailable": 3.03,
            "day1Available": 0.0,
            "day2Available": 0.0,
            "day2PlusAvailable": null,
            "day3PlusAvailable": 0.0,
            "bankReferenceSearchable": {
                "standardValue": "1451630326FC",
                "searchValue": "1451630326FC"
            },
            "customerReferenceSearchable": {
                "standardValue": "O/B HSBC USA",
                "searchValue": "O/B HSBC USA"
            },
            "wireReferenceSearchable": null,
            "repairCode": "S",
            "reversal": false,
            "override": false,
            "transactionStatus": "O",
            "shortDescription": "CHIPS CREDIT",
            "wireType": "CHIP",
            "checkNumber": 0,
            "lockboxSequenceCode": "",
            "lockboxItems": 0.0,
            "lockboxNumber": "",
            "lockboxDepositDate": null,
            "lockboxDepositTime": null,
            "narrativeText": {
                "YOUR REF    ": "O/B HSBC USA",
                "REC FROM    ": "HSBC BANK USA, N.A. 452 FIFTH AVENUE NEW YORK NY 19713 US",
                "IND ID NO   ": "Yogesh Ingulkar",
                "IND NAME    ": "Yogesh Ingulkar",
                "B/O CUSTOMER": "/26735719 YOGESH INGULKAR 937 HAYDEN RD EAST CALAIS VT/US",
                "REMARK      ": "VXR/10000000006067 TEST TRANSFER BETWEEN ACCOUNT /CHGS/USD0,00/ /BNF/FW 028000024 DEBIT REF 32663602",
                "REC GFP     ": "11221826",
                "CHIP SEQ    ": "0036799",
                "CHIP REF    ": "554602"
            },
            "narrativeTypeCode": "T",
            "addenda": [],
            "floatSpreadCode": "3",
            "sepaDetailsXml": null,
            "postCode": "P",
            "supplementalTextSet": {},
            "supplementalTextRecordList": null,
            "supplementalText": null,
            "thirdPartyBank": false,
            "achBatchItems": null,
            "sepaType": false,
            "transactionId": "TXN-P-4136266-61037",
            "loggedAt": "2024-02-06T02:45:21.779733"
        },{
            "account": {
                "accountId": "123456788",
                "accountName": "Currenci Direc Inc",
                "bankId": "02100002",
                "branchId": "",
                "bankName": "JPMORGAN CHASE BANK, N.A. - NEW YOR",
                "currency": {
                    "code": "USD",
                    "description": "US DOLLAR",
                    "decimalLocation": 2,
                    "currencySequence": 0
                },
                "aba": "021000021"
            },
            "asOfDateTime": "2024-02-06T20:27:32Z",
            "valueDateTime": "2024-02-06T07:40:40Z",
            "asOfDate": "2024-02-06",
            "valueDate": "2024-02-06",
            "recordTimestamp": "2024-02-06T07:40:40Z",
            "lastUpdate": null,
            "receivedTimestamp": "2024-02-06T20:27:32Z",
            "productGroup": {
                "groupCode": "CHIP",
                "groupDescription": "CHIPS TRANSFERS",
                "wire": true
            },
            "debitCreditCode": "CREDIT",
            "baiType": {
                "typeCode": "195",
                "summaryTypeCode": "190",
                "description": "IND INCOMING MONEY TRANSFER",
                "shortDescription": "INDIV MONEY TRANSFER",
                "groupCode": "WIRE",
                "groupDescription": "WIRE",
                "productGroupCode": "WIRE",
                "btrsTypeCode": "195",
                "germanTypeCode": "051",
                "swiftTypeCode": "TRF"
            },
            "ddaTxnCode": "398",
            "originalTransactionCode": null,
            "fundsTypeCode": "SAME",
            "currency": {
                "code": "USD",
                "description": "US DOLLAR",
                "decimalLocation": 2,
                "currencySequence": 0
            },
            "amount": 92.04,
            "immediateAvailable": 3.04,
            "day1Available": 0.0,
            "day2Available": 0.0,
            "day2PlusAvailable": null,
            "day3PlusAvailable": 0.0,
            "bankReferenceSearchable": {
                "standardValue": "1451630326FC",
                "searchValue": "1451630326FC"
            },
            "customerReferenceSearchable": {
                "standardValue": "O/B HSBC USA",
                "searchValue": "O/B HSBC USA"
            },
            "wireReferenceSearchable": null,
            "repairCode": "S",
            "reversal": false,
            "override": false,
            "transactionStatus": "O",
            "shortDescription": "CHIPS CREDIT",
            "wireType": "CHIP",
            "checkNumber": 0,
            "lockboxSequenceCode": "",
            "lockboxItems": 0.0,
            "lockboxNumber": "",
            "lockboxDepositDate": null,
            "lockboxDepositTime": null,
            "narrativeText": {
                "YOUR REF    ": "O/B HSBC USA",
                "REC FROM    ": "HSBC BANK USA, N.A. 452 FIFTH AVENUE NEW YORK NY 19713 US",
                "IND ID NO   ": "Yogesh Ingulkar",
                "IND NAME    ": "Yogesh Ingulkar",
                "B/O CUSTOMER": "/26735719 YOGESH GORAKH INGULKAR 937 HAYDEN RD EAST CALAIS VT/US",
                "REMARK      ": "VXR/10000000006067 TEST TRANSFER BETWEEN ACCOUNT /CHGS/USD0,00/ /BNF/FW 028000024 DEBIT REF 32663602",
                "REC GFP     ": "11221826",
                "CHIP SEQ    ": "0036799",
                "CHIP REF    ": "554602"
            },
            "narrativeTypeCode": "T",
            "addenda": [],
            "floatSpreadCode": "3",
            "sepaDetailsXml": null,
            "postCode": "P",
            "supplementalTextSet": {},
            "supplementalTextRecordList": null,
            "supplementalText": null,
            "thirdPartyBank": false,
            "achBatchItems": null,
            "sepaType": false,
            "transactionId": "TXN-P-4136266-61037",
            "loggedAt": "2024-02-06T02:45:21.779733"
        },{
            "account": {
                "accountId": "123456788",
                "accountName": "Currenci Direc Inc",
                "bankId": "02100002",
                "branchId": "",
                "bankName": "JPMORGAN CHASE BANK, N.A. - NEW YOR",
                "currency": {
                    "code": "USD",
                    "description": "US DOLLAR",
                    "decimalLocation": 2,
                    "currencySequence": 0
                },
                "aba": "021000021"
            },
            "asOfDateTime": "2024-02-06T20:27:32Z",
            "valueDateTime": "2024-02-06T07:40:40Z",
            "asOfDate": "2024-02-06",
            "valueDate": "2024-02-06",
            "recordTimestamp": "2024-02-06T07:40:40Z",
            "lastUpdate": null,
            "receivedTimestamp": "2024-02-06T20:27:32Z",
            "productGroup": {
                "groupCode": "CHIP",
                "groupDescription": "CHIPS TRANSFERS",
                "wire": true
            },
            "debitCreditCode": "CREDIT",
            "baiType": {
                "typeCode": "195",
                "summaryTypeCode": "190",
                "description": "IND INCOMING MONEY TRANSFER",
                "shortDescription": "INDIV MONEY TRANSFER",
                "groupCode": "WIRE",
                "groupDescription": "WIRE",
                "productGroupCode": "WIRE",
                "btrsTypeCode": "195",
                "germanTypeCode": "051",
                "swiftTypeCode": "TRF"
            },
            "ddaTxnCode": "398",
            "originalTransactionCode": null,
            "fundsTypeCode": "SAME",
            "currency": {
                "code": "USD",
                "description": "US DOLLAR",
                "decimalLocation": 2,
                "currencySequence": 0
            },
            "amount": 92.05,
            "immediateAvailable": 3.05,
            "day1Available": 0.0,
            "day2Available": 0.0,
            "day2PlusAvailable": null,
            "day3PlusAvailable": 0.0,
            "bankReferenceSearchable": {
                "standardValue": "1451630326FC",
                "searchValue": "1451630326FC"
            },
            "customerReferenceSearchable": {
                "standardValue": "O/B HSBC USA",
                "searchValue": "O/B HSBC USA"
            },
            "wireReferenceSearchable": null,
            "repairCode": "S",
            "reversal": false,
            "override": false,
            "transactionStatus": "O",
            "shortDescription": "CHIPS CREDIT",
            "wireType": "CHIP",
            "checkNumber": 0,
            "lockboxSequenceCode": "",
            "lockboxItems": 0.0,
            "lockboxNumber": "",
            "lockboxDepositDate": null,
            "lockboxDepositTime": null,
            "narrativeText": {
                "YOUR REF    ": "O/B HSBC USA",
                "REC FROM    ": "HSBC BANK USA, N.A. 452 FIFTH AVENUE NEW YORK NY 19713 US",
                "IND ID NO   ": "Yogesh Ingulkar",
                "IND NAME    ": "Yogesh Ingulkar",
                "B/O CUSTOMER": "/26735719 Yogesh Test Ingulkar Engineer 937 HAYDEN RD EAST CALAIS VT/US",
                "REMARK      ": "VXR/10000000006067 TEST TRANSFER BETWEEN ACCOUNT /CHGS/USD0,00/ /BNF/FW 028000024 DEBIT REF 32663602",
                "REC GFP     ": "11221826",
                "CHIP SEQ    ": "0036799",
                "CHIP REF    ": "554602"
            },
            "narrativeTypeCode": "T",
            "addenda": [],
            "floatSpreadCode": "3",
            "sepaDetailsXml": null,
            "postCode": "P",
            "supplementalTextSet": {},
            "supplementalTextRecordList": null,
            "supplementalText": null,
            "thirdPartyBank": false,
            "achBatchItems": null,
            "sepaType": false,
            "transactionId": "TXN-P-4136266-61037",
            "loggedAt": "2024-02-06T02:45:21.779733"
        },{
            "account": {
                "accountId": "123456788",
                "accountName": "Currenci Direc Inc",
                "bankId": "02100002",
                "branchId": "",
                "bankName": "JPMORGAN CHASE BANK, N.A. - NEW YOR",
                "currency": {
                    "code": "USD",
                    "description": "US DOLLAR",
                    "decimalLocation": 2,
                    "currencySequence": 0
                },
                "aba": "021000021"
            },
            "asOfDateTime": "2024-02-06T20:27:32Z",
            "valueDateTime": "2024-02-06T07:40:40Z",
            "asOfDate": "2024-02-06",
            "valueDate": "2024-02-06",
            "recordTimestamp": "2024-02-06T07:40:40Z",
            "lastUpdate": null,
            "receivedTimestamp": "2024-02-06T20:27:32Z",
            "productGroup": {
                "groupCode": "CHIP",
                "groupDescription": "CHIPS TRANSFERS",
                "wire": true
            },
            "debitCreditCode": "CREDIT",
            "baiType": {
                "typeCode": "195",
                "summaryTypeCode": "190",
                "description": "IND INCOMING MONEY TRANSFER",
                "shortDescription": "INDIV MONEY TRANSFER",
                "groupCode": "WIRE",
                "groupDescription": "WIRE",
                "productGroupCode": "WIRE",
                "btrsTypeCode": "195",
                "germanTypeCode": "051",
                "swiftTypeCode": "TRF"
            },
            "ddaTxnCode": "398",
            "originalTransactionCode": null,
            "fundsTypeCode": "SAME",
            "currency": {
                "code": "USD",
                "description": "US DOLLAR",
                "decimalLocation": 2,
                "currencySequence": 0
            },
            "amount": 92.06,
            "immediateAvailable": 3.06,
            "day1Available": 0.0,
            "day2Available": 0.0,
            "day2PlusAvailable": null,
            "day3PlusAvailable": 0.0,
            "bankReferenceSearchable": {
                "standardValue": "1451630326FC",
                "searchValue": "1451630326FC"
            },
            "customerReferenceSearchable": {
                "standardValue": "O/B HSBC USA",
                "searchValue": "O/B HSBC USA"
            },
            "wireReferenceSearchable": null,
            "repairCode": "S",
            "reversal": false,
            "override": false,
            "transactionStatus": "O",
            "shortDescription": "CHIPS CREDIT",
            "wireType": "CHIP",
            "checkNumber": 0,
            "lockboxSequenceCode": "",
            "lockboxItems": 0.0,
            "lockboxNumber": "",
            "lockboxDepositDate": null,
            "lockboxDepositTime": null,
            "narrativeText": {
                "YOUR REF    ": "O/B HSBC USA",
                "REC FROM    ": "HSBC BANK USA, N.A. 452 FIFTH AVENUE NEW YORK NY 19713 US",
                "IND ID NO   ": "Yogesh Ingulkar",
                "IND NAME    ": "Yogesh Ingulkar",
                "B/O CUSTOMER": "/26735719 Yogesh Test Ingulkar Engineer 937 HAYDEN RD EAST CALAIS VT/US",
                "REMARK      ": "VXR/10000000006067 TEST TRANSFER BETWEEN ACCOUNT /CHGS/USD0,00/ /BNF/FW 028000024 DEBIT REF 32663602",
                "REC GFP     ": "11221826",
                "CHIP SEQ    ": "0036799",
                "CHIP REF    ": "554602"
            },
            "narrativeTypeCode": "T",
            "addenda": [],
            "floatSpreadCode": "3",
            "sepaDetailsXml": null,
            "postCode": "P",
            "supplementalTextSet": {},
            "supplementalTextRecordList": null,
            "supplementalText": null,
            "thirdPartyBank": false,
            "achBatchItems": null,
            "sepaType": false,
            "transactionId": "TXN-P-4136266-61037",
            "loggedAt": "2024-02-06T02:45:21.779733"
        },{
            "account": {
                "accountId": "123456788",
                "accountName": "Currenci Direc Inc",
                "bankId": "02100002",
                "branchId": "",
                "bankName": "JPMORGAN CHASE BANK, N.A. - NEW YOR",
                "currency": {
                    "code": "USD",
                    "description": "US DOLLAR",
                    "decimalLocation": 2,
                    "currencySequence": 0
                },
                "aba": "021000021"
            },
            "asOfDateTime": "2024-02-06T20:27:32Z",
            "valueDateTime": "2024-02-06T07:40:40Z",
            "asOfDate": "2024-02-06",
            "valueDate": "2024-02-06",
            "recordTimestamp": "2024-02-06T07:40:40Z",
            "lastUpdate": null,
            "receivedTimestamp": "2024-02-06T20:27:32Z",
            "productGroup": {
                "groupCode": "CHIP",
                "groupDescription": "CHIPS TRANSFERS",
                "wire": true
            },
            "debitCreditCode": "CREDIT",
            "baiType": {
                "typeCode": "195",
                "summaryTypeCode": "190",
                "description": "IND INCOMING MONEY TRANSFER",
                "shortDescription": "INDIV MONEY TRANSFER",
                "groupCode": "WIRE",
                "groupDescription": "WIRE",
                "productGroupCode": "WIRE",
                "btrsTypeCode": "195",
                "germanTypeCode": "051",
                "swiftTypeCode": "TRF"
            },
            "ddaTxnCode": "398",
            "originalTransactionCode": null,
            "fundsTypeCode": "SAME",
            "currency": {
                "code": "USD",
                "description": "US DOLLAR",
                "decimalLocation": 2,
                "currencySequence": 0
            },
            "amount": 92.07,
            "immediateAvailable": 3.07,
            "day1Available": 0.0,
            "day2Available": 0.0,
            "day2PlusAvailable": null,
            "day3PlusAvailable": 0.0,
            "bankReferenceSearchable": {
                "standardValue": "1451630326FC",
                "searchValue": "1451630326FC"
            },
            "customerReferenceSearchable": {
                "standardValue": "O/B HSBC USA",
                "searchValue": "O/B HSBC USA"
            },
            "wireReferenceSearchable": null,
            "repairCode": "S",
            "reversal": false,
            "override": false,
            "transactionStatus": "O",
            "shortDescription": "CHIPS CREDIT",
            "wireType": "CHIP",
            "checkNumber": 0,
            "lockboxSequenceCode": "",
            "lockboxItems": 0.0,
            "lockboxNumber": "",
            "lockboxDepositDate": null,
            "lockboxDepositTime": null,
            "narrativeText": {
                "YOUR REF    ": "O/B HSBC USA",
                "REC FROM    ": "HSBC BANK USA, N.A. 452 FIFTH AVENUE NEW YORK NY 19713 US",
                "IND ID NO   ": "Yogesh Ingulkar",
                "IND NAME    ": "Yogesh Ingulkar",
                "B/O CUSTOMER": "/26735719 Yogesh yogesh Gorakh gorakh 937 HAYDEN RD EAST CALAIS VT/US",
                "REMARK      ": "VXR/10000000006067 TEST TRANSFER BETWEEN ACCOUNT /CHGS/USD0,00/ /BNF/FW 028000024 DEBIT REF 32663602",
                "REC GFP     ": "11221826",
                "CHIP SEQ    ": "0036799",
                "CHIP REF    ": "554602"
            },
            "narrativeTypeCode": "T",
            "addenda": [],
            "floatSpreadCode": "3",
            "sepaDetailsXml": null,
            "postCode": "P",
            "supplementalTextSet": {},
            "supplementalTextRecordList": null,
            "supplementalText": null,
            "thirdPartyBank": false,
            "achBatchItems": null,
            "sepaType": false,
            "transactionId": "TXN-P-4136266-61037",
            "loggedAt": "2024-02-06T02:45:21.779733"
        },{
            "account": {
                "accountId": "123456788",
                "accountName": "Currenci Direc Inc",
                "bankId": "02100002",
                "branchId": "",
                "bankName": "JPMORGAN CHASE BANK, N.A. - NEW YOR",
                "currency": {
                    "code": "USD",
                    "description": "US DOLLAR",
                    "decimalLocation": 2,
                    "currencySequence": 0
                },
                "aba": "021000021"
            },
            "asOfDateTime": "2024-02-06T20:27:32Z",
            "valueDateTime": "2024-02-06T07:40:40Z",
            "asOfDate": "2024-02-06",
            "valueDate": "2024-02-06",
            "recordTimestamp": "2024-02-06T07:40:40Z",
            "lastUpdate": null,
            "receivedTimestamp": "2024-02-06T20:27:32Z",
            "productGroup": {
                "groupCode": "CHIP",
                "groupDescription": "CHIPS TRANSFERS",
                "wire": true
            },
            "debitCreditCode": "CREDIT",
            "baiType": {
                "typeCode": "195",
                "summaryTypeCode": "190",
                "description": "IND INCOMING MONEY TRANSFER",
                "shortDescription": "INDIV MONEY TRANSFER",
                "groupCode": "WIRE",
                "groupDescription": "WIRE",
                "productGroupCode": "WIRE",
                "btrsTypeCode": "195",
                "germanTypeCode": "051",
                "swiftTypeCode": "TRF"
            },
            "ddaTxnCode": "398",
            "originalTransactionCode": null,
            "fundsTypeCode": "SAME",
            "currency": {
                "code": "USD",
                "description": "US DOLLAR",
                "decimalLocation": 2,
                "currencySequence": 0
            },
            "amount": 92.08,
            "immediateAvailable": 3.08,
            "day1Available": 0.0,
            "day2Available": 0.0,
            "day2PlusAvailable": null,
            "day3PlusAvailable": 0.0,
            "bankReferenceSearchable": {
                "standardValue": "1451630326FC",
                "searchValue": "1451630326FC"
            },
            "customerReferenceSearchable": {
                "standardValue": "O/B HSBC USA",
                "searchValue": "O/B HSBC USA"
            },
            "wireReferenceSearchable": null,
            "repairCode": "S",
            "reversal": false,
            "override": false,
            "transactionStatus": "O",
            "shortDescription": "CHIPS CREDIT",
            "wireType": "CHIP",
            "checkNumber": 0,
            "lockboxSequenceCode": "",
            "lockboxItems": 0.0,
            "lockboxNumber": "",
            "lockboxDepositDate": null,
            "lockboxDepositTime": null,
            "narrativeText": {
                "YOUR REF    ": "O/B HSBC USA",
                "REC FROM    ": "HSBC BANK USA, N.A. 452 FIFTH AVENUE NEW YORK NY 19713 US",
                "IND ID NO   ": "Yogesh Ingulkar",
                "IND NAME    ": "Yogesh Ingulkar",
                "B/O CUSTOMER": "/26735719 Yogesh yogesh Gorakh gorakh Ingulkar ingulkar 937 HAYDEN RD EAST CALAIS VT/US",
                "REMARK      ": "VXR/10000000006067 TEST TRANSFER BETWEEN ACCOUNT /CHGS/USD0,00/ /BNF/FW 028000024 DEBIT REF 32663602",
                "REC GFP     ": "11221826",
                "CHIP SEQ    ": "0036799",
                "CHIP REF    ": "554602"
            },
            "narrativeTypeCode": "T",
            "addenda": [],
            "floatSpreadCode": "3",
            "sepaDetailsXml": null,
            "postCode": "P",
            "supplementalTextSet": {},
            "supplementalTextRecordList": null,
            "supplementalText": null,
            "thirdPartyBank": false,
            "achBatchItems": null,
            "sepaType": false,
            "transactionId": "TXN-P-4136266-61037",
            "loggedAt": "2024-02-06T02:45:21.779733"
        },{
            "account": {
                "accountId": "123456788",
                "accountName": "Currenci Direc Inc",
                "bankId": "02100002",
                "branchId": "",
                "bankName": "JPMORGAN CHASE BANK, N.A. - NEW YOR",
                "currency": {
                    "code": "USD",
                    "description": "US DOLLAR",
                    "decimalLocation": 2,
                    "currencySequence": 0
                },
                "aba": "021000021"
            },
            "asOfDateTime": "2024-02-06T20:27:32Z",
            "valueDateTime": "2024-02-06T07:40:40Z",
            "asOfDate": "2024-02-06",
            "valueDate": "2024-02-06",
            "recordTimestamp": "2024-02-06T07:40:40Z",
            "lastUpdate": null,
            "receivedTimestamp": "2024-02-06T20:27:32Z",
            "productGroup": {
                "groupCode": "CHIP",
                "groupDescription": "CHIPS TRANSFERS",
                "wire": true
            },
            "debitCreditCode": "CREDIT",
            "baiType": {
                "typeCode": "195",
                "summaryTypeCode": "190",
                "description": "IND INCOMING MONEY TRANSFER",
                "shortDescription": "INDIV MONEY TRANSFER",
                "groupCode": "WIRE",
                "groupDescription": "WIRE",
                "productGroupCode": "WIRE",
                "btrsTypeCode": "195",
                "germanTypeCode": "051",
                "swiftTypeCode": "TRF"
            },
            "ddaTxnCode": "398",
            "originalTransactionCode": null,
            "fundsTypeCode": "SAME",
            "currency": {
                "code": "USD",
                "description": "US DOLLAR",
                "decimalLocation": 2,
                "currencySequence": 0
            },
            "amount": 92.10,
            "immediateAvailable": 3.10,
            "day1Available": 0.0,
            "day2Available": 0.0,
            "day2PlusAvailable": null,
            "day3PlusAvailable": 0.0,
            "bankReferenceSearchable": {
                "standardValue": "1451630326FC",
                "searchValue": "1451630326FC"
            },
            "customerReferenceSearchable": {
                "standardValue": "O/B HSBC USA",
                "searchValue": "O/B HSBC USA"
            },
            "wireReferenceSearchable": null,
            "repairCode": "S",
            "reversal": false,
            "override": false,
            "transactionStatus": "O",
            "shortDescription": "CHIPS CREDIT",
            "wireType": "CHIP",
            "checkNumber": 0,
            "lockboxSequenceCode": "",
            "lockboxItems": 0.0,
            "lockboxNumber": "",
            "lockboxDepositDate": null,
            "lockboxDepositTime": null,
            "narrativeText": {
                "YOUR REF    ": "O/B HSBC USA",
                "REC FROM    ": "HSBC BANK USA, N.A. 452 FIFTH AVENUE NEW YORK NY 19713 US",
                "IND ID NO   ": "Yogesh Ingulkar",
                "IND NAME    ": "Yogesh Ingulkar",
                "B/O CUSTOMER": "/26735719      Yogesh   Gorakh          Ingulkar  937 HAYDEN RD EAST CALAIS VT/US",
                "REMARK      ": "VXR/10000000006067 TEST TRANSFER BETWEEN ACCOUNT /CHGS/USD0,00/ /BNF/FW 028000024 DEBIT REF 32663602",
                "REC GFP     ": "11221826",
                "CHIP SEQ    ": "0036799",
                "CHIP REF    ": "554602"
            },
            "narrativeTypeCode": "T",
            "addenda": [],
            "floatSpreadCode": "3",
            "sepaDetailsXml": null,
            "postCode": "P",
            "supplementalTextSet": {},
            "supplementalTextRecordList": null,
            "supplementalText": null,
            "thirdPartyBank": false,
            "achBatchItems": null,
            "sepaType": false,
            "transactionId": "TXN-P-4136266-61037",
            "loggedAt": "2024-02-06T02:45:21.779733"
        },{
            "account": {
                "accountId": "123456788",
                "accountName": "Currenci Direc Inc",
                "bankId": "02100002",
                "branchId": "",
                "bankName": "JPMORGAN CHASE BANK, N.A. - NEW YOR",
                "currency": {
                    "code": "USD",
                    "description": "US DOLLAR",
                    "decimalLocation": 2,
                    "currencySequence": 0
                },
                "aba": "021000021"
            },
            "asOfDateTime": "2024-02-06T20:27:32Z",
            "valueDateTime": "2024-02-06T07:40:40Z",
            "asOfDate": "2024-02-06",
            "valueDate": "2024-02-06",
            "recordTimestamp": "2024-02-06T07:40:40Z",
            "lastUpdate": null,
            "receivedTimestamp": "2024-02-06T20:27:32Z",
            "productGroup": {
                "groupCode": "CHIP",
                "groupDescription": "CHIPS TRANSFERS",
                "wire": true
            },
            "debitCreditCode": "CREDIT",
            "baiType": {
                "typeCode": "195",
                "summaryTypeCode": "190",
                "description": "IND INCOMING MONEY TRANSFER",
                "shortDescription": "INDIV MONEY TRANSFER",
                "groupCode": "WIRE",
                "groupDescription": "WIRE",
                "productGroupCode": "WIRE",
                "btrsTypeCode": "195",
                "germanTypeCode": "051",
                "swiftTypeCode": "TRF"
            },
            "ddaTxnCode": "398",
            "originalTransactionCode": null,
            "fundsTypeCode": "SAME",
            "currency": {
                "code": "USD",
                "description": "US DOLLAR",
                "decimalLocation": 2,
                "currencySequence": 0
            },
            "amount": 92.11,
            "immediateAvailable": 3.11,
            "day1Available": 0.0,
            "day2Available": 0.0,
            "day2PlusAvailable": null,
            "day3PlusAvailable": 0.0,
            "bankReferenceSearchable": {
                "standardValue": "1451630326FC",
                "searchValue": "1451630326FC"
            },
            "customerReferenceSearchable": {
                "standardValue": "O/B HSBC USA",
                "searchValue": "O/B HSBC USA"
            },
            "wireReferenceSearchable": null,
            "repairCode": "S",
            "reversal": false,
            "override": false,
            "transactionStatus": "O",
            "shortDescription": "CHIPS CREDIT",
            "wireType": "CHIP",
            "checkNumber": 0,
            "lockboxSequenceCode": "",
            "lockboxItems": 0.0,
            "lockboxNumber": "",
            "lockboxDepositDate": null,
            "lockboxDepositTime": null,
            "narrativeText": {
                "YOUR REF    ": "O/B HSBC USA",
                "REC FROM    ": "HSBC BANK USA, N.A. 452 FIFTH AVENUE NEW YORK NY 19713 US",
                "IND ID NO   ": "Yogesh Ingulkar",
                "IND NAME    ": "Yogesh Ingulkar",
                "B/O CUSTOMER": "/26735719 Yogesh         Gorakh          Ingulkar        937 HAYDEN RD EAST CALAIS VT/US",
                "REMARK      ": "VXR/10000000006067 TEST TRANSFER BETWEEN ACCOUNT /CHGS/USD0,00/ /BNF/FW 028000024 DEBIT REF 32663602",
                "REC GFP     ": "11221826",
                "CHIP SEQ    ": "0036799",
                "CHIP REF    ": "554602"
            },
            "narrativeTypeCode": "T",
            "addenda": [],
            "floatSpreadCode": "3",
            "sepaDetailsXml": null,
            "postCode": "P",
            "supplementalTextSet": {},
            "supplementalTextRecordList": null,
            "supplementalText": null,
            "thirdPartyBank": false,
            "achBatchItems": null,
            "sepaType": false,
            "transactionId": "TXN-P-4136266-61037",
            "loggedAt": "2024-02-06T02:45:21.779733"
        },{
            "account": {
                "accountId": "123456788",
                "accountName": "Currenci Direc Inc",
                "bankId": "02100002",
                "branchId": "",
                "bankName": "JPMORGAN CHASE BANK, N.A. - NEW YOR",
                "currency": {
                    "code": "USD",
                    "description": "US DOLLAR",
                    "decimalLocation": 2,
                    "currencySequence": 0
                },
                "aba": "021000021"
            },
            "asOfDateTime": "2024-02-06T20:27:32Z",
            "valueDateTime": "2024-02-06T07:40:40Z",
            "asOfDate": "2024-02-06",
            "valueDate": "2024-02-06",
            "recordTimestamp": "2024-02-06T07:40:40Z",
            "lastUpdate": null,
            "receivedTimestamp": "2024-02-06T20:27:32Z",
            "productGroup": {
                "groupCode": "CHIP",
                "groupDescription": "CHIPS TRANSFERS",
                "wire": true
            },
            "debitCreditCode": "CREDIT",
            "baiType": {
                "typeCode": "195",
                "summaryTypeCode": "190",
                "description": "IND INCOMING MONEY TRANSFER",
                "shortDescription": "INDIV MONEY TRANSFER",
                "groupCode": "WIRE",
                "groupDescription": "WIRE",
                "productGroupCode": "WIRE",
                "btrsTypeCode": "195",
                "germanTypeCode": "051",
                "swiftTypeCode": "TRF"
            },
            "ddaTxnCode": "398",
            "originalTransactionCode": null,
            "fundsTypeCode": "SAME",
            "currency": {
                "code": "USD",
                "description": "US DOLLAR",
                "decimalLocation": 2,
                "currencySequence": 0
            },
            "amount": 92.12,
            "immediateAvailable": 3.12,
            "day1Available": 0.0,
            "day2Available": 0.0,
            "day2PlusAvailable": null,
            "day3PlusAvailable": 0.0,
            "bankReferenceSearchable": {
                "standardValue": "1451630326FC",
                "searchValue": "1451630326FC"
            },
            "customerReferenceSearchable": {
                "standardValue": "O/B HSBC USA",
                "searchValue": "O/B HSBC USA"
            },
            "wireReferenceSearchable": null,
            "repairCode": "S",
            "reversal": false,
            "override": false,
            "transactionStatus": "O",
            "shortDescription": "CHIPS CREDIT",
            "wireType": "CHIP",
            "checkNumber": 0,
            "lockboxSequenceCode": "",
            "lockboxItems": 0.0,
            "lockboxNumber": "",
            "lockboxDepositDate": null,
            "lockboxDepositTime": null,
            "narrativeText": {
                "YOUR REF    ": "O/B HSBC USA",
                "REC FROM    ": "HSBC BANK USA, N.A. 452 FIFTH AVENUE NEW YORK NY 19713 US",
                "IND ID NO   ": "Yogesh Ingulkar",
                "IND NAME    ": "Yogesh Ingulkar",
                "B/O CUSTOMER": "/26735719 Yogesh    yogesh Gorakh   gorakh Ingulkar  ingulkar  937 HAYDEN RD EAST CALAIS VT/US",
                "REMARK      ": "VXR/10000000006067 TEST TRANSFER BETWEEN ACCOUNT /CHGS/USD0,00/ /BNF/FW 028000024 DEBIT REF 32663602",
                "REC GFP     ": "11221826",
                "CHIP SEQ    ": "0036799",
                "CHIP REF    ": "554602"
            },
            "narrativeTypeCode": "T",
            "addenda": [],
            "floatSpreadCode": "3",
            "sepaDetailsXml": null,
            "postCode": "P",
            "supplementalTextSet": {},
            "supplementalTextRecordList": null,
            "supplementalText": null,
            "thirdPartyBank": false,
            "achBatchItems": null,
            "sepaType": false,
            "transactionId": "TXN-P-4136266-61037",
            "loggedAt": "2024-02-06T02:45:21.779733"
        },{
            "account": {
                "accountId": "123456788",
                "accountName": "Currenci Direc Inc",
                "bankId": "02100002",
                "branchId": "",
                "bankName": "JPMORGAN CHASE BANK, N.A. - NEW YOR",
                "currency": {
                    "code": "USD",
                    "description": "US DOLLAR",
                    "decimalLocation": 2,
                    "currencySequence": 0
                },
                "aba": "021000021"
            },
            "asOfDateTime": "2024-02-06T20:27:32Z",
            "valueDateTime": "2024-02-06T07:40:40Z",
            "asOfDate": "2024-02-06",
            "valueDate": "2024-02-06",
            "recordTimestamp": "2024-02-06T07:40:40Z",
            "lastUpdate": null,
            "receivedTimestamp": "2024-02-06T20:27:32Z",
            "productGroup": {
                "groupCode": "CHIP",
                "groupDescription": "CHIPS TRANSFERS",
                "wire": true
            },
            "debitCreditCode": "CREDIT",
            "baiType": {
                "typeCode": "195",
                "summaryTypeCode": "190",
                "description": "IND INCOMING MONEY TRANSFER",
                "shortDescription": "INDIV MONEY TRANSFER",
                "groupCode": "WIRE",
                "groupDescription": "WIRE",
                "productGroupCode": "WIRE",
                "btrsTypeCode": "195",
                "germanTypeCode": "051",
                "swiftTypeCode": "TRF"
            },
            "ddaTxnCode": "398",
            "originalTransactionCode": null,
            "fundsTypeCode": "SAME",
            "currency": {
                "code": "USD",
                "description": "US DOLLAR",
                "decimalLocation": 2,
                "currencySequence": 0
            },
            "amount": 92.13,
            "immediateAvailable": 3.13,
            "day1Available": 0.0,
            "day2Available": 0.0,
            "day2PlusAvailable": null,
            "day3PlusAvailable": 0.0,
            "bankReferenceSearchable": {
                "standardValue": "1451630326FC",
                "searchValue": "1451630326FC"
            },
            "customerReferenceSearchable": {
                "standardValue": "O/B HSBC USA",
                "searchValue": "O/B HSBC USA"
            },
            "wireReferenceSearchable": null,
            "repairCode": "S",
            "reversal": false,
            "override": false,
            "transactionStatus": "O",
            "shortDescription": "CHIPS CREDIT",
            "wireType": "CHIP",
            "checkNumber": 0,
            "lockboxSequenceCode": "",
            "lockboxItems": 0.0,
            "lockboxNumber": "",
            "lockboxDepositDate": null,
            "lockboxDepositTime": null,
            "narrativeText": {
                "YOUR REF    ": "O/B HSBC USA",
                "REC FROM    ": "HSBC BANK USA, N.A. 452 FIFTH AVENUE NEW YORK NY 19713 US",
                "IND ID NO   ": "Yogesh Ingulkar",
                "IND NAME    ": "Yogesh Ingulkar",
                "B/O CUSTOMER": "/26735719 Yogesh Ingulkar 937 HAYDEN RD EAST CALAIS VT/US",
                "REMARK      ": "VXR/10000000006067 TEST TRANSFER BETWEEN ACCOUNT /CHGS/USD0,00/ /BNF/FW 028000024 DEBIT REF 32663602",
                "REC GFP     ": "11221826",
                "CHIP SEQ    ": "0036799",
                "CHIP REF    ": "554602"
            },
            "narrativeTypeCode": "T",
            "addenda": [],
            "floatSpreadCode": "3",
            "sepaDetailsXml": null,
            "postCode": "P",
            "supplementalTextSet": {},
            "supplementalTextRecordList": null,
            "supplementalText": null,
            "thirdPartyBank": false,
            "achBatchItems": null,
            "sepaType": false,
            "transactionId": "TXN-P-4136266-61037",
            "loggedAt": "2024-02-06T02:45:21.779733"
        },{
            "account": {
                "accountId": "123456788",
                "accountName": "Currenci Direc Inc",
                "bankId": "02100002",
                "branchId": "",
                "bankName": "JPMORGAN CHASE BANK, N.A. - NEW YOR",
                "currency": {
                    "code": "USD",
                    "description": "US DOLLAR",
                    "decimalLocation": 2,
                    "currencySequence": 0
                },
                "aba": "021000021"
            },
            "asOfDateTime": "2024-02-06T20:27:32Z",
            "valueDateTime": "2024-02-06T07:40:40Z",
            "asOfDate": "2024-02-06",
            "valueDate": "2024-02-06",
            "recordTimestamp": "2024-02-06T07:40:40Z",
            "lastUpdate": null,
            "receivedTimestamp": "2024-02-06T20:27:32Z",
            "productGroup": {
                "groupCode": "CHIP",
                "groupDescription": "CHIPS TRANSFERS",
                "wire": true
            },
            "debitCreditCode": "CREDIT",
            "baiType": {
                "typeCode": "195",
                "summaryTypeCode": "190",
                "description": "IND INCOMING MONEY TRANSFER",
                "shortDescription": "INDIV MONEY TRANSFER",
                "groupCode": "WIRE",
                "groupDescription": "WIRE",
                "productGroupCode": "WIRE",
                "btrsTypeCode": "195",
                "germanTypeCode": "051",
                "swiftTypeCode": "TRF"
            },
            "ddaTxnCode": "398",
            "originalTransactionCode": null,
            "fundsTypeCode": "SAME",
            "currency": {
                "code": "USD",
                "description": "US DOLLAR",
                "decimalLocation": 2,
                "currencySequence": 0
            },
            "amount": 92.14,
            "immediateAvailable": 3.14,
            "day1Available": 0.0,
            "day2Available": 0.0,
            "day2PlusAvailable": null,
            "day3PlusAvailable": 0.0,
            "bankReferenceSearchable": {
                "standardValue": "1451630326FC",
                "searchValue": "1451630326FC"
            },
            "customerReferenceSearchable": {
                "standardValue": "O/B HSBC USA",
                "searchValue": "O/B HSBC USA"
            },
            "wireReferenceSearchable": null,
            "repairCode": "S",
            "reversal": false,
            "override": false,
            "transactionStatus": "O",
            "shortDescription": "CHIPS CREDIT",
            "wireType": "CHIP",
            "checkNumber": 0,
            "lockboxSequenceCode": "",
            "lockboxItems": 0.0,
            "lockboxNumber": "",
            "lockboxDepositDate": null,
            "lockboxDepositTime": null,
            "narrativeText": {
                "YOUR REF    ": "O/B HSBC USA",
                "REC FROM    ": "HSBC BANK USA, N.A. 452 FIFTH AVENUE NEW YORK NY 19713 US",
                "IND ID NO   ": "Yogesh Ingulkar",
                "IND NAME    ": "Yogesh Ingulkar",
                "B/O CUSTOMER": "/26735719 Christopher Fallon Constellation Lighting Ltd 937 HAYDEN RD EAST CALAIS VT/US",
                "REMARK      ": "VXR/10000000006067 TEST TRANSFER BETWEEN ACCOUNT /CHGS/USD0,00/ /BNF/FW 028000024 DEBIT REF 32663602",
                "REC GFP     ": "11221826",
                "CHIP SEQ    ": "0036799",
                "CHIP REF    ": "554602"
            },
            "narrativeTypeCode": "T",
            "addenda": [],
            "floatSpreadCode": "3",
            "sepaDetailsXml": null,
            "postCode": "P",
            "supplementalTextSet": {},
            "supplementalTextRecordList": null,
            "supplementalText": null,
            "thirdPartyBank": false,
            "achBatchItems": null,
            "sepaType": false,
            "transactionId": "TXN-P-4136266-61037",
            "loggedAt": "2024-02-06T02:45:21.779733"
        },{
            "account": {
                "accountId": "123456788",
                "accountName": "Currenci Direc Inc",
                "bankId": "02100002",
                "branchId": "",
                "bankName": "JPMORGAN CHASE BANK, N.A. - NEW YOR",
                "currency": {
                    "code": "USD",
                    "description": "US DOLLAR",
                    "decimalLocation": 2,
                    "currencySequence": 0
                },
                "aba": "021000021"
            },
            "asOfDateTime": "2024-02-06T20:27:32Z",
            "valueDateTime": "2024-02-06T07:40:40Z",
            "asOfDate": "2024-02-06",
            "valueDate": "2024-02-06",
            "recordTimestamp": "2024-02-06T07:40:40Z",
            "lastUpdate": null,
            "receivedTimestamp": "2024-02-06T20:27:32Z",
            "productGroup": {
                "groupCode": "CHIP",
                "groupDescription": "CHIPS TRANSFERS",
                "wire": true
            },
            "debitCreditCode": "CREDIT",
            "baiType": {
                "typeCode": "195",
                "summaryTypeCode": "190",
                "description": "IND INCOMING MONEY TRANSFER",
                "shortDescription": "INDIV MONEY TRANSFER",
                "groupCode": "WIRE",
                "groupDescription": "WIRE",
                "productGroupCode": "WIRE",
                "btrsTypeCode": "195",
                "germanTypeCode": "051",
                "swiftTypeCode": "TRF"
            },
            "ddaTxnCode": "398",
            "originalTransactionCode": null,
            "fundsTypeCode": "SAME",
            "currency": {
                "code": "USD",
                "description": "US DOLLAR",
                "decimalLocation": 2,
                "currencySequence": 0
            },
            "amount": 92.3,
            "immediateAvailable": 3.3,
            "day1Available": 0.0,
            "day2Available": 0.0,
            "day2PlusAvailable": null,
            "day3PlusAvailable": 0.0,
            "bankReferenceSearchable": {
                "standardValue": "1451630326FC",
                "searchValue": "1451630326FC"
            },
            "customerReferenceSearchable": {
                "standardValue": "O/B HSBC USA",
                "searchValue": "O/B HSBC USA"
            },
            "wireReferenceSearchable": null,
            "repairCode": "S",
            "reversal": false,
            "override": false,
            "transactionStatus": "O",
            "shortDescription": "CHIPS CREDIT",
            "wireType": "CHIP",
            "checkNumber": 0,
            "lockboxSequenceCode": "",
            "lockboxItems": 0.0,
            "lockboxNumber": "",
            "lockboxDepositDate": null,
            "lockboxDepositTime": null,
            "narrativeText": {
                "YOUR REF    ": "O/B HSBC USA",
                "REC FROM    ": "HSBC BANK USA, N.A. 452 FIFTH AVENUE NEW YORK NY 19713 US",
                "IND ID NO   ": "Yogesh Ingulkar",
                "IND NAME    ": "Yogesh Ingulkar",
                "B/O CUSTOMER": "/26735719 André Müller 937 HAYDEN RD EAST CALAIS VT/US",
                "REMARK      ": "VXR/10000000006067 TEST TRANSFER BETWEEN ACCOUNT /CHGS/USD0,00/ /BNF/FW 028000024 DEBIT REF 32663602",
                "REC GFP     ": "11221826",
                "CHIP SEQ    ": "0036799",
                "CHIP REF    ": "554602"
            },
            "narrativeTypeCode": "T",
            "addenda": [],
            "floatSpreadCode": "3",
            "sepaDetailsXml": null,
            "postCode": "P",
            "supplementalTextSet": {},
            "supplementalTextRecordList": null,
            "supplementalText": null,
            "thirdPartyBank": false,
            "achBatchItems": null,
            "sepaType": false,
            "transactionId": "TXN-P-4136266-61037",
            "loggedAt": "2024-02-06T02:45:21.779733"
        },{
            "account": {
                "accountId": "123456788",
                "accountName": "Currenci Direc Inc",
                "bankId": "02100002",
                "branchId": "",
                "bankName": "JPMORGAN CHASE BANK, N.A. - NEW YOR",
                "currency": {
                    "code": "USD",
                    "description": "US DOLLAR",
                    "decimalLocation": 2,
                    "currencySequence": 0
                },
                "aba": "021000021"
            },
            "asOfDateTime": "2024-02-06T20:27:32Z",
            "valueDateTime": "2024-02-06T07:40:40Z",
            "asOfDate": "2024-02-06",
            "valueDate": "2024-02-06",
            "recordTimestamp": "2024-02-06T07:40:40Z",
            "lastUpdate": null,
            "receivedTimestamp": "2024-02-06T20:27:32Z",
            "productGroup": {
                "groupCode": "CHIP",
                "groupDescription": "CHIPS TRANSFERS",
                "wire": true
            },
            "debitCreditCode": "CREDIT",
            "baiType": {
                "typeCode": "195",
                "summaryTypeCode": "190",
                "description": "IND INCOMING MONEY TRANSFER",
                "shortDescription": "INDIV MONEY TRANSFER",
                "groupCode": "WIRE",
                "groupDescription": "WIRE",
                "productGroupCode": "WIRE",
                "btrsTypeCode": "195",
                "germanTypeCode": "051",
                "swiftTypeCode": "TRF"
            },
            "ddaTxnCode": "398",
            "originalTransactionCode": null,
            "fundsTypeCode": "SAME",
            "currency": {
                "code": "USD",
                "description": "US DOLLAR",
                "decimalLocation": 2,
                "currencySequence": 0
            },
            "amount": 92.16,
            "immediateAvailable": 3.16,
            "day1Available": 0.0,
            "day2Available": 0.0,
            "day2PlusAvailable": null,
            "day3PlusAvailable": 0.0,
            "bankReferenceSearchable": {
                "standardValue": "1451630326FC",
                "searchValue": "1451630326FC"
            },
            "customerReferenceSearchable": {
                "standardValue": "O/B HSBC USA",
                "searchValue": "O/B HSBC USA"
            },
            "wireReferenceSearchable": null,
            "repairCode": "S",
            "reversal": false,
            "override": false,
            "transactionStatus": "O",
            "shortDescription": "CHIPS CREDIT",
            "wireType": "CHIP",
            "checkNumber": 0,
            "lockboxSequenceCode": "",
            "lockboxItems": 0.0,
            "lockboxNumber": "",
            "lockboxDepositDate": null,
            "lockboxDepositTime": null,
            "narrativeText": {
                "YOUR REF    ": "O/B HSBC USA",
                "REC FROM    ": "HSBC BANK USA, N.A. 452 FIFTH AVENUE NEW YORK NY 19713 US",
                "IND ID NO   ": "Yogesh Ingulkar",
                "IND NAME    ": "Yogesh Ingulkar",
                "B/O CUSTOMER": "/26735719 Dr. Emily Johnson Jr. 937 HAYDEN RD EAST CALAIS VT/US",
                "REMARK      ": "VXR/10000000006067 TEST TRANSFER BETWEEN ACCOUNT /CHGS/USD0,00/ /BNF/FW 028000024 DEBIT REF 32663602",
                "REC GFP     ": "11221826",
                "CHIP SEQ    ": "0036799",
                "CHIP REF    ": "554602"
            },
            "narrativeTypeCode": "T",
            "addenda": [],
            "floatSpreadCode": "3",
            "sepaDetailsXml": null,
            "postCode": "P",
            "supplementalTextSet": {},
            "supplementalTextRecordList": null,
            "supplementalText": null,
            "thirdPartyBank": false,
            "achBatchItems": null,
            "sepaType": false,
            "transactionId": "TXN-P-4136266-61037",
            "loggedAt": "2024-02-06T02:45:21.779733"
        },{
            "account": {
                "accountId": "123456788",
                "accountName": "Currenci Direc Inc",
                "bankId": "02100002",
                "branchId": "",
                "bankName": "JPMORGAN CHASE BANK, N.A. - NEW YOR",
                "currency": {
                    "code": "USD",
                    "description": "US DOLLAR",
                    "decimalLocation": 2,
                    "currencySequence": 0
                },
                "aba": "021000021"
            },
            "asOfDateTime": "2024-02-06T20:27:32Z",
            "valueDateTime": "2024-02-06T07:40:40Z",
            "asOfDate": "2024-02-06",
            "valueDate": "2024-02-06",
            "recordTimestamp": "2024-02-06T07:40:40Z",
            "lastUpdate": null,
            "receivedTimestamp": "2024-02-06T20:27:32Z",
            "productGroup": {
                "groupCode": "CHIP",
                "groupDescription": "CHIPS TRANSFERS",
                "wire": true
            },
            "debitCreditCode": "CREDIT",
            "baiType": {
                "typeCode": "195",
                "summaryTypeCode": "190",
                "description": "IND INCOMING MONEY TRANSFER",
                "shortDescription": "INDIV MONEY TRANSFER",
                "groupCode": "WIRE",
                "groupDescription": "WIRE",
                "productGroupCode": "WIRE",
                "btrsTypeCode": "195",
                "germanTypeCode": "051",
                "swiftTypeCode": "TRF"
            },
            "ddaTxnCode": "398",
            "originalTransactionCode": null,
            "fundsTypeCode": "SAME",
            "currency": {
                "code": "USD",
                "description": "US DOLLAR",
                "decimalLocation": 2,
                "currencySequence": 0
            },
            "amount": 92.17,
            "immediateAvailable": 3.17,
            "day1Available": 0.0,
            "day2Available": 0.0,
            "day2PlusAvailable": null,
            "day3PlusAvailable": 0.0,
            "bankReferenceSearchable": {
                "standardValue": "1451630326FC",
                "searchValue": "1451630326FC"
            },
            "customerReferenceSearchable": {
                "standardValue": "O/B HSBC USA",
                "searchValue": "O/B HSBC USA"
            },
            "wireReferenceSearchable": null,
            "repairCode": "S",
            "reversal": false,
            "override": false,
            "transactionStatus": "O",
            "shortDescription": "CHIPS CREDIT",
            "wireType": "CHIP",
            "checkNumber": 0,
            "lockboxSequenceCode": "",
            "lockboxItems": 0.0,
            "lockboxNumber": "",
            "lockboxDepositDate": null,
            "lockboxDepositTime": null,
            "narrativeText": {
                "YOUR REF    ": "O/B HSBC USA",
                "REC FROM    ": "HSBC BANK USA, N.A. 452 FIFTH AVENUE NEW YORK NY 19713 US",
                "IND ID NO   ": "Yogesh Ingulkar",
                "IND NAME    ": "Yogesh Ingulkar",
                "B/O CUSTOMER": "/26735719 Maria Rodriguez-Lopez 937 HAYDEN RD EAST CALAIS VT/US",
                "REMARK      ": "VXR/10000000006067 TEST TRANSFER BETWEEN ACCOUNT /CHGS/USD0,00/ /BNF/FW 028000024 DEBIT REF 32663602",
                "REC GFP     ": "11221826",
                "CHIP SEQ    ": "0036799",
                "CHIP REF    ": "554602"
            },
            "narrativeTypeCode": "T",
            "addenda": [],
            "floatSpreadCode": "3",
            "sepaDetailsXml": null,
            "postCode": "P",
            "supplementalTextSet": {},
            "supplementalTextRecordList": null,
            "supplementalText": null,
            "thirdPartyBank": false,
            "achBatchItems": null,
            "sepaType": false,
            "transactionId": "TXN-P-4136266-61037",
            "loggedAt": "2024-02-06T02:45:21.779733"
        },{
            "account": {
                "accountId": "123456788",
                "accountName": "Currenci Direc Inc",
                "bankId": "02100002",
                "branchId": "",
                "bankName": "JPMORGAN CHASE BANK, N.A. - NEW YOR",
                "currency": {
                    "code": "USD",
                    "description": "US DOLLAR",
                    "decimalLocation": 2,
                    "currencySequence": 0
                },
                "aba": "021000021"
            },
            "asOfDateTime": "2024-02-06T20:27:32Z",
            "valueDateTime": "2024-02-06T07:40:40Z",
            "asOfDate": "2024-02-06",
            "valueDate": "2024-02-06",
            "recordTimestamp": "2024-02-06T07:40:40Z",
            "lastUpdate": null,
            "receivedTimestamp": "2024-02-06T20:27:32Z",
            "productGroup": {
                "groupCode": "CHIP",
                "groupDescription": "CHIPS TRANSFERS",
                "wire": true
            },
            "debitCreditCode": "CREDIT",
            "baiType": {
                "typeCode": "195",
                "summaryTypeCode": "190",
                "description": "IND INCOMING MONEY TRANSFER",
                "shortDescription": "INDIV MONEY TRANSFER",
                "groupCode": "WIRE",
                "groupDescription": "WIRE",
                "productGroupCode": "WIRE",
                "btrsTypeCode": "195",
                "germanTypeCode": "051",
                "swiftTypeCode": "TRF"
            },
            "ddaTxnCode": "398",
            "originalTransactionCode": null,
            "fundsTypeCode": "SAME",
            "currency": {
                "code": "USD",
                "description": "US DOLLAR",
                "decimalLocation": 2,
                "currencySequence": 0
            },
            "amount": 92.18,
            "immediateAvailable": 3.18,
            "day1Available": 0.0,
            "day2Available": 0.0,
            "day2PlusAvailable": null,
            "day3PlusAvailable": 0.0,
            "bankReferenceSearchable": {
                "standardValue": "1451630326FC",
                "searchValue": "1451630326FC"
            },
            "customerReferenceSearchable": {
                "standardValue": "O/B HSBC USA",
                "searchValue": "O/B HSBC USA"
            },
            "wireReferenceSearchable": null,
            "repairCode": "S",
            "reversal": false,
            "override": false,
            "transactionStatus": "O",
            "shortDescription": "CHIPS CREDIT",
            "wireType": "CHIP",
            "checkNumber": 0,
            "lockboxSequenceCode": "",
            "lockboxItems": 0.0,
            "lockboxNumber": "",
            "lockboxDepositDate": null,
            "lockboxDepositTime": null,
            "narrativeText": {
                "YOUR REF    ": "O/B HSBC USA",
                "REC FROM    ": "HSBC BANK USA, N.A. 452 FIFTH AVENUE NEW YORK NY 19713 US",
                "IND ID NO   ": "Yogesh Ingulkar",
                "IND NAME    ": "Yogesh Ingulkar",
                "B/O CUSTOMER": "/26735719 Y Ingulkar 937 HAYDEN RD EAST CALAIS VT/US",
                "REMARK      ": "VXR/10000000006067 TEST TRANSFER BETWEEN ACCOUNT /CHGS/USD0,00/ /BNF/FW 028000024 DEBIT REF 32663602",
                "REC GFP     ": "11221826",
                "CHIP SEQ    ": "0036799",
                "CHIP REF    ": "554602"
            },
            "narrativeTypeCode": "T",
            "addenda": [],
            "floatSpreadCode": "3",
            "sepaDetailsXml": null,
            "postCode": "P",
            "supplementalTextSet": {},
            "supplementalTextRecordList": null,
            "supplementalText": null,
            "thirdPartyBank": false,
            "achBatchItems": null,
            "sepaType": false,
            "transactionId": "TXN-P-4136266-61037",
            "loggedAt": "2024-02-06T02:45:21.779733"
        }
    ]
}
