{
    "data": [
        {
            "bankReferenceSearchable": {
                "standardValue": "0289310076FF",
                "searchValue": "0289310076FF"
            },
            "wireType": "FED",
            "sepaType": false,
            "thirdPartyBank": false,
            "debitCreditCode": "CREDIT",
            "supplementalTextRecordList": null,
            "lockboxDepositTime": null,
            "addenda": [],
            "day2PlusAvailable": null,
            "repairCode": "S",
            "narrativeText": {
                "MRN SEQ     ": "119031723D106",
                "REC GFP     ": "03171423",
                "FED REF     ": "0317 QMGFT002 000200 **VIA FED**",
                "REMARK      ": "TRANSFER REF#: 0010738273 DEBIT REF 119031723D106",
                "B/O CUSTOMER": "/48669857 ADAM R TOLBERT 4911 TIFFANY AVE WINSTON SALEM NC 27104",
                "YOUR REF    ": "O/B STATE ECU RA",
                "REC FROM    ": "STATE EMPLOYEES CU PO BOX 27665 RALEIGH NC 27611-7665 US",
                "FED ID      ": "253177049"
            },
            "checkNumber": 0,
            "loggedAt": "2024-02-05T03:36:57.655351",
            "shortDescription": "FEDWIRE CREDIT",
            "achBatchItems": null,
            "transactionId": "TXN-P-3907134-117334",
            "fundsTypeCode": "SAME",
            "lastUpdate": null,
            "lockboxDepositDate": null,
            "postCode": "P",
            "asOfDate": "2024-02-05",
            "floatSpreadCode": "3",
            "supplementalText": null,
            "wireReferenceSearchable": null,
            "lockboxItems": 0,
            "lockboxNumber": "",
            "supplementalTextSet": {},
            "asOfDateTime": "2024-02-05T14:25:30Z",
            "immediateAvailable": 61000,
            "narrativeTypeCode": "T",
            "customerReferenceSearchable": {
                "standardValue": "O/B STATE ECU RA",
                "searchValue": "O/B STATE ECU RA"
            },
            "sepaDetailsXml": null,
            "valueDateTime": "2024-02-05T07:29:53Z",
            "currency": {
                "currencySequence": 0,
                "code": "USD",
                "description": "US DOLLAR",
                "decimalLocation": 2
            },
            "override": false,
            "amount": 57.33,
            "receivedTimestamp": "2024-02-05T14:25:30Z",
            "transactionStatus": "O",
            "day3PlusAvailable": 0,
            "originalTransactionCode": null,
            "lockboxSequenceCode": "",
            "ddaTxnCode": "398",
            "valueDate": "2024-02-05",
            "day1Available": 0,
            "recordTimestamp": "2024-02-05T07:29:53Z",
            "day2Available": 0,
            "reversal": false,
            "productGroup": {
                "wire": true,
                "groupDescription": "FED WIRE TRANSFERS",
                "groupCode": "FED"
            },
            "baiType": {
                "productGroupCode": "WIRE",
                "groupDescription": "WIRE",
                "description": "IND INCOMING MONEY TRANSFER",
                "germanTypeCode": "051",
                "shortDescription": "INDIV MONEY TRANSFER",
                "btrsTypeCode": "195",
                "typeCode": "195",
                "summaryTypeCode": "190",
                "groupCode": "WIRE",
                "swiftTypeCode": "TRF"
            },
            "account": {
                "accountId": "535258795",
                "branchId": "",
                "aba": "021000021",
                "bankId": "02100002",
                "accountName": "CD Inc USD Cli",
                "bankName": "JPMORGAN CHASE NEW YORK",
                "currency": {
                    "currencySequence": 0,
                    "code": "USD",
                    "description": "US DOLLAR",
                    "decimalLocation": 2
                }
            }
        },{
            "bankReferenceSearchable": {
                "standardValue": "0289310076FF",
                "searchValue": "0289310076FF"
            },
            "wireType": "FED",
            "sepaType": false,
            "thirdPartyBank": false,
            "debitCreditCode": "CREDIT",
            "supplementalTextRecordList": null,
            "lockboxDepositTime": null,
            "addenda": [],
            "day2PlusAvailable": null,
            "repairCode": "S",
            "narrativeText": {
                "MRN SEQ     ": "119031723D106",
                "REC GFP     ": "03171423",
                "FED REF     ": "0317 QMGFT002 000200 **VIA FED**",
                "REMARK      ": "TRANSFER REF#: 0010738273 DEBIT REF 119031723D106",
                "B/O CUSTOMER": "/3500521949 ADAM R TOLBERT 4911 TIFFANY AVE WINSTON SALEM NC 27104",
                "YOUR REF    ": "O/B STATE ECU RA",
                "REC FROM    ": "STATE EMPLOYEES CU PO BOX 27665 RALEIGH NC 27611-7665 US",
                "FED ID      ": "253177049"
            },
            "checkNumber": 0,
            "loggedAt": "2024-02-05T03:36:57.655351",
            "shortDescription": "FEDWIRE CREDIT",
            "achBatchItems": null,
            "transactionId": "TXN-P-3907134-117334",
            "fundsTypeCode": "SAME",
            "lastUpdate": null,
            "lockboxDepositDate": null,
            "postCode": "P",
            "asOfDate": "2024-02-05",
            "floatSpreadCode": "3",
            "supplementalText": null,
            "wireReferenceSearchable": null,
            "lockboxItems": 0,
            "lockboxNumber": "",
            "supplementalTextSet": {},
            "asOfDateTime": "2024-02-05T14:25:30Z",
            "immediateAvailable": 61000,
            "narrativeTypeCode": "T",
            "customerReferenceSearchable": {
                "standardValue": "O/B STATE ECU RA",
                "searchValue": "O/B STATE ECU RA"
            },
            "sepaDetailsXml": null,
            "valueDateTime": "2024-02-05T07:29:53Z",
            "currency": {
                "currencySequence": 0,
                "code": "USD",
                "description": "US DOLLAR",
                "decimalLocation": 2
            },
            "override": false,
            "amount": 56.33,
            "receivedTimestamp": "2024-02-05T14:25:30Z",
            "transactionStatus": "O",
            "day3PlusAvailable": 0,
            "originalTransactionCode": null,
            "lockboxSequenceCode": "",
            "ddaTxnCode": "398",
            "valueDate": "2024-02-05",
            "day1Available": 0,
            "recordTimestamp": "2024-02-05T07:29:53Z",
            "day2Available": 0,
            "reversal": false,
            "productGroup": {
                "wire": true,
                "groupDescription": "FED WIRE TRANSFERS",
                "groupCode": "FED"
            },
            "baiType": {
                "productGroupCode": "WIRE",
                "groupDescription": "WIRE",
                "description": "IND INCOMING MONEY TRANSFER",
                "germanTypeCode": "051",
                "shortDescription": "INDIV MONEY TRANSFER",
                "btrsTypeCode": "195",
                "typeCode": "195",
                "summaryTypeCode": "190",
                "groupCode": "WIRE",
                "swiftTypeCode": "TRF"
            },
            "account": {
                "accountId": "535258795",
                "branchId": "",
                "aba": "021000021",
                "bankId": "02100002",
                "accountName": "CD Inc USD Cli",
                "bankName": "JPMORGAN CHASE NEW YORK",
                "currency": {
                    "currencySequence": 0,
                    "code": "USD",
                    "description": "US DOLLAR",
                    "decimalLocation": 2
                }
            }
        },{
            "bankReferenceSearchable": {
                "standardValue": "0289310076FF",
                "searchValue": "0289310076FF"
            },
            "wireType": "FED",
            "sepaType": false,
            "thirdPartyBank": false,
            "debitCreditCode": "CREDIT",
            "supplementalTextRecordList": null,
            "lockboxDepositTime": null,
            "addenda": [],
            "day2PlusAvailable": null,
            "repairCode": "S",
            "narrativeText": {
                "MRN SEQ     ": "119031723D106",
                "REC GFP     ": "03171423",
                "FED REF     ": "0317 QMGFT002 000200 **VIA FED**",
                "REMARK      ": "TRANSFER REF#: 0010738273 DEBIT REF 119031723D106",
                "B/O CUSTOMER": "/80240336 ADAM R TOLBERT 4911 TIFFANY AVE WINSTON SALEM NC 27104",
                "YOUR REF    ": "O/B STATE ECU RA",
                "REC FROM    ": "STATE EMPLOYEES CU PO BOX 27665 RALEIGH NC 27611-7665 US",
                "FED ID      ": "253177049"
            },
            "checkNumber": 0,
            "loggedAt": "2024-02-05T03:36:57.655351",
            "shortDescription": "FEDWIRE CREDIT",
            "achBatchItems": null,
            "transactionId": "TXN-P-3907134-117334",
            "fundsTypeCode": "SAME",
            "lastUpdate": null,
            "lockboxDepositDate": null,
            "postCode": "P",
            "asOfDate": "2024-02-05",
            "floatSpreadCode": "3",
            "supplementalText": null,
            "wireReferenceSearchable": null,
            "lockboxItems": 0,
            "lockboxNumber": "",
            "supplementalTextSet": {},
            "asOfDateTime": "2024-02-05T14:25:30Z",
            "immediateAvailable": 61000,
            "narrativeTypeCode": "T",
            "customerReferenceSearchable": {
                "standardValue": "O/B STATE ECU RA",
                "searchValue": "O/B STATE ECU RA"
            },
            "sepaDetailsXml": null,
            "valueDateTime": "2024-02-05T07:29:53Z",
            "currency": {
                "currencySequence": 0,
                "code": "USD",
                "description": "US DOLLAR",
                "decimalLocation": 2
            },
            "override": false,
            "amount": 61.33,
            "receivedTimestamp": "2024-02-05T14:25:30Z",
            "transactionStatus": "O",
            "day3PlusAvailable": 0,
            "originalTransactionCode": null,
            "lockboxSequenceCode": "",
            "ddaTxnCode": "398",
            "valueDate": "2024-02-05",
            "day1Available": 0,
            "recordTimestamp": "2024-02-05T07:29:53Z",
            "day2Available": 0,
            "reversal": false,
            "productGroup": {
                "wire": true,
                "groupDescription": "FED WIRE TRANSFERS",
                "groupCode": "FED"
            },
            "baiType": {
                "productGroupCode": "WIRE",
                "groupDescription": "WIRE",
                "description": "IND INCOMING MONEY TRANSFER",
                "germanTypeCode": "051",
                "shortDescription": "INDIV MONEY TRANSFER",
                "btrsTypeCode": "195",
                "typeCode": "195",
                "summaryTypeCode": "190",
                "groupCode": "WIRE",
                "swiftTypeCode": "TRF"
            },
            "account": {
                "accountId": "535258795",
                "branchId": "",
                "aba": "021000021",
                "bankId": "02100002",
                "accountName": "CD Inc USD Cli",
                "bankName": "JPMORGAN CHASE NEW YORK",
                "currency": {
                    "currencySequence": 0,
                    "code": "USD",
                    "description": "US DOLLAR",
                    "decimalLocation": 2
                }
            }
        },{
            "bankReferenceSearchable": {
                "standardValue": "0289310076FF",
                "searchValue": "0289310076FF"
            },
            "wireType": "FED",
            "sepaType": false,
            "thirdPartyBank": false,
            "debitCreditCode": "CREDIT",
            "supplementalTextRecordList": null,
            "lockboxDepositTime": null,
            "addenda": [],
            "day2PlusAvailable": null,
            "repairCode": "S",
            "narrativeText": {
                "MRN SEQ     ": "119031723D106",
                "REC GFP     ": "03171423",
                "FED REF     ": "0317 QMGFT002 000200 **VIA FED**",
                "REMARK      ": "TRANSFER REF#: 0010738273 DEBIT REF 119031723D106",
                "B/O CUSTOMER": "/151843829 ADAM R TOLBERT 4911 TIFFANY AVE WINSTON SALEM NC 27104",
                "YOUR REF    ": "O/B STATE ECU RA",
                "REC FROM    ": "STATE EMPLOYEES CU PO BOX 27665 RALEIGH NC 27611-7665 US",
                "FED ID      ": "253177049"
            },
            "checkNumber": 0,
            "loggedAt": "2024-02-05T03:36:57.655351",
            "shortDescription": "FEDWIRE CREDIT",
            "achBatchItems": null,
            "transactionId": "TXN-P-3907134-117334",
            "fundsTypeCode": "SAME",
            "lastUpdate": null,
            "lockboxDepositDate": null,
            "postCode": "P",
            "asOfDate": "2024-02-05",
            "floatSpreadCode": "3",
            "supplementalText": null,
            "wireReferenceSearchable": null,
            "lockboxItems": 0,
            "lockboxNumber": "",
            "supplementalTextSet": {},
            "asOfDateTime": "2024-02-05T14:25:30Z",
            "immediateAvailable": 61000,
            "narrativeTypeCode": "T",
            "customerReferenceSearchable": {
                "standardValue": "O/B STATE ECU RA",
                "searchValue": "O/B STATE ECU RA"
            },
            "sepaDetailsXml": null,
            "valueDateTime": "2024-02-05T07:29:53Z",
            "currency": {
                "currencySequence": 0,
                "code": "USD",
                "description": "US DOLLAR",
                "decimalLocation": 2
            },
            "override": false,
            "amount": 58.33,
            "receivedTimestamp": "2024-02-05T14:25:30Z",
            "transactionStatus": "O",
            "day3PlusAvailable": 0,
            "originalTransactionCode": null,
            "lockboxSequenceCode": "",
            "ddaTxnCode": "398",
            "valueDate": "2024-02-05",
            "day1Available": 0,
            "recordTimestamp": "2024-02-05T07:29:53Z",
            "day2Available": 0,
            "reversal": false,
            "productGroup": {
                "wire": true,
                "groupDescription": "FED WIRE TRANSFERS",
                "groupCode": "FED"
            },
            "baiType": {
                "productGroupCode": "WIRE",
                "groupDescription": "WIRE",
                "description": "IND INCOMING MONEY TRANSFER",
                "germanTypeCode": "051",
                "shortDescription": "INDIV MONEY TRANSFER",
                "btrsTypeCode": "195",
                "typeCode": "195",
                "summaryTypeCode": "190",
                "groupCode": "WIRE",
                "swiftTypeCode": "TRF"
            },
            "account": {
                "accountId": "535258811",
                "branchId": "",
                "aba": "021000021",
                "bankId": "02100002",
                "accountName": "CD Inc USD Cli",
                "bankName": "JPMORGAN CHASE NEW YORK",
                "currency": {
                    "currencySequence": 0,
                    "code": "USD",
                    "description": "US DOLLAR",
                    "decimalLocation": 2
                }
            }
        },{
            "bankReferenceSearchable": {
                "standardValue": "0289310076FF",
                "searchValue": "0289310076FF"
            },
            "wireType": "FED",
            "sepaType": false,
            "thirdPartyBank": false,
            "debitCreditCode": "CREDIT",
            "supplementalTextRecordList": null,
            "lockboxDepositTime": null,
            "addenda": [],
            "day2PlusAvailable": null,
            "repairCode": "S",
            "narrativeText": {
                "MRN SEQ     ": "119031723D106",
                "REC GFP     ": "03171423",
                "FED REF     ": "0317 QMGFT002 000200 **VIA FED**",
                "REMARK      ": "TRANSFER REF#: 0010738273 DEBIT REF 119031723D106",
                "B/O CUSTOMER": "/55923949 ADAM R TOLBERT 4911 TIFFANY AVE WINSTON SALEM NC 27104",
                "YOUR REF    ": "O/B STATE ECU RA",
                "REC FROM    ": "STATE EMPLOYEES CU PO BOX 27665 RALEIGH NC 27611-7665 US",
                "FED ID      ": "253177049"
            },
            "checkNumber": 0,
            "loggedAt": "2024-02-05T03:36:57.655351",
            "shortDescription": "FEDWIRE CREDIT",
            "achBatchItems": null,
            "transactionId": "TXN-P-3907134-117334",
            "fundsTypeCode": "SAME",
            "lastUpdate": null,
            "lockboxDepositDate": null,
            "postCode": "P",
            "asOfDate": "2024-02-05",
            "floatSpreadCode": "3",
            "supplementalText": null,
            "wireReferenceSearchable": null,
            "lockboxItems": 0,
            "lockboxNumber": "",
            "supplementalTextSet": {},
            "asOfDateTime": "2024-02-05T14:25:30Z",
            "immediateAvailable": 61000,
            "narrativeTypeCode": "T",
            "customerReferenceSearchable": {
                "standardValue": "O/B STATE ECU RA",
                "searchValue": "O/B STATE ECU RA"
            },
            "sepaDetailsXml": null,
            "valueDateTime": "2024-02-05T07:29:53Z",
            "currency": {
                "currencySequence": 0,
                "code": "USD",
                "description": "US DOLLAR",
                "decimalLocation": 2
            },
            "override": false,
            "amount": 59.33,
            "receivedTimestamp": "2024-02-05T14:25:30Z",
            "transactionStatus": "O",
            "day3PlusAvailable": 0,
            "originalTransactionCode": null,
            "lockboxSequenceCode": "",
            "ddaTxnCode": "398",
            "valueDate": "2024-02-05",
            "day1Available": 0,
            "recordTimestamp": "2024-02-05T07:29:53Z",
            "day2Available": 0,
            "reversal": false,
            "productGroup": {
                "wire": true,
                "groupDescription": "FED WIRE TRANSFERS",
                "groupCode": "FED"
            },
            "baiType": {
                "productGroupCode": "WIRE",
                "groupDescription": "WIRE",
                "description": "IND INCOMING MONEY TRANSFER",
                "germanTypeCode": "051",
                "shortDescription": "INDIV MONEY TRANSFER",
                "btrsTypeCode": "195",
                "typeCode": "195",
                "summaryTypeCode": "190",
                "groupCode": "WIRE",
                "swiftTypeCode": "TRF"
            },
            "account": {
                "accountId": "535258811",
                "branchId": "",
                "aba": "021000021",
                "bankId": "02100002",
                "accountName": "CD Inc USD Cli",
                "bankName": "JPMORGAN CHASE NEW YORK",
                "currency": {
                    "currencySequence": 0,
                    "code": "USD",
                    "description": "US DOLLAR",
                    "decimalLocation": 2
                }
            }
        },{
            "bankReferenceSearchable": {
                "standardValue": "0289310076FF",
                "searchValue": "0289310076FF"
            },
            "wireType": "FED",
            "sepaType": false,
            "thirdPartyBank": false,
            "debitCreditCode": "DEBIT",
            "supplementalTextRecordList": null,
            "lockboxDepositTime": null,
            "addenda": [],
            "day2PlusAvailable": null,
            "repairCode": "S",
            "narrativeText": {
                "MRN SEQ     ": "119031723D106",
                "REC GFP     ": "03171423",
                "FED REF     ": "0317 QMGFT002 000200 **VIA FED**",
                "REMARK      ": "TRANSFER REF#: 0010738273 DEBIT REF 119031723D106",
                "B/O CUSTOMER": "/151843829 ADAM R TOLBERT 4911 TIFFANY AVE WINSTON SALEM NC 27104",
                "YOUR REF    ": "O/B STATE ECU RA",
                "REC FROM    ": "STATE EMPLOYEES CU PO BOX 27665 RALEIGH NC 27611-7665 US",
                "FED ID      ": "253177049"
            },
            "checkNumber": 0,
            "loggedAt": "2024-02-05T03:36:57.655351",
            "shortDescription": "FEDWIRE CREDIT",
            "achBatchItems": null,
            "transactionId": "TXN-P-3907134-117334",
            "fundsTypeCode": "SAME",
            "lastUpdate": null,
            "lockboxDepositDate": null,
            "postCode": "P",
            "asOfDate": "2024-02-05",
            "floatSpreadCode": "3",
            "supplementalText": null,
            "wireReferenceSearchable": null,
            "lockboxItems": 0,
            "lockboxNumber": "",
            "supplementalTextSet": {},
            "asOfDateTime": "2024-02-05T14:25:30Z",
            "immediateAvailable": 61000,
            "narrativeTypeCode": "T",
            "customerReferenceSearchable": {
                "standardValue": "O/B STATE ECU RA",
                "searchValue": "O/B STATE ECU RA"
            },
            "sepaDetailsXml": null,
            "valueDateTime": "2024-02-05T07:29:53Z",
            "currency": {
                "currencySequence": 0,
                "code": "USD",
                "description": "US DOLLAR",
                "decimalLocation": 2
            },
            "override": false,
            "amount": 60.33,
            "receivedTimestamp": "2024-02-05T14:25:30Z",
            "transactionStatus": "O",
            "day3PlusAvailable": 0,
            "originalTransactionCode": null,
            "lockboxSequenceCode": "",
            "ddaTxnCode": "398",
            "valueDate": "2024-02-05",
            "day1Available": 0,
            "recordTimestamp": "2024-02-05T07:29:53Z",
            "day2Available": 0,
            "reversal": false,
            "productGroup": {
                "wire": true,
                "groupDescription": "FED WIRE TRANSFERS",
                "groupCode": "FED"
            },
            "baiType": {
                "productGroupCode": "WIRE",
                "groupDescription": "WIRE",
                "description": "IND INCOMING MONEY TRANSFER",
                "germanTypeCode": "051",
                "shortDescription": "INDIV MONEY TRANSFER",
                "btrsTypeCode": "195",
                "typeCode": "195",
                "summaryTypeCode": "190",
                "groupCode": "WIRE",
                "swiftTypeCode": "TRF"
            },
            "account": {
                "accountId": "535258811",
                "branchId": "",
                "aba": "021000021",
                "bankId": "02100002",
                "accountName": "CD Inc USD Cli",
                "bankName": "JPMORGAN CHASE NEW YORK",
                "currency": {
                    "currencySequence": 0,
                    "code": "USD",
                    "description": "US DOLLAR",
                    "decimalLocation": 2
                }
            }
        },{
            "bankReferenceSearchable": {
                "standardValue": "0289310076FF",
                "searchValue": "0289310076FF"
            },
            "wireType": "FED",
            "sepaType": false,
            "thirdPartyBank": false,
            "debitCreditCode": "DEBIT",
            "supplementalTextRecordList": null,
            "lockboxDepositTime": null,
            "addenda": [],
            "day2PlusAvailable": null,
            "repairCode": "S",
            "narrativeText": {
                "MRN SEQ     ": "119031723D106",
                "REC GFP     ": "03171423",
                "FED REF     ": "0317 QMGFT002 000200 **VIA FED**",
                "REMARK      ": "TRANSFER REF#: 0010738273 DEBIT REF 119031723D106",
                "B/O CUSTOMER": "/151843829 ADAM R TOLBERT 4911 TIFFANY AVE WINSTON SALEM NC 27104",
                "YOUR REF    ": "O/B STATE ECU RA",
                "REC FROM    ": "STATE EMPLOYEES CU PO BOX 27665 RALEIGH NC 27611-7665 US",
                "FED ID      ": "253177049"
            },
            "checkNumber": 0,
            "loggedAt": "2024-02-05T03:36:57.655351",
            "shortDescription": "FEDWIRE CREDIT",
            "achBatchItems": null,
            "transactionId": "TXN-P-3907134-117334",
            "fundsTypeCode": "SAME",
            "lastUpdate": null,
            "lockboxDepositDate": null,
            "postCode": "P",
            "asOfDate": "2024-02-05",
            "floatSpreadCode": "3",
            "supplementalText": null,
            "wireReferenceSearchable": null,
            "lockboxItems": 0,
            "lockboxNumber": "",
            "supplementalTextSet": {},
            "asOfDateTime": "2024-02-05T14:25:30Z",
            "immediateAvailable": 61000,
            "narrativeTypeCode": "T",
            "customerReferenceSearchable": {
                "standardValue": "O/B STATE ECU RA",
                "searchValue": "O/B STATE ECU RA"
            },
            "sepaDetailsXml": null,
            "valueDateTime": "2024-02-05T07:29:53Z",
            "currency": {
                "currencySequence": 0,
                "code": "USD",
                "description": "US DOLLAR",
                "decimalLocation": 2
            },
            "override": false,
            "amount": 60.33,
            "receivedTimestamp": "2024-02-05T14:25:30Z",
            "transactionStatus": "O",
            "day3PlusAvailable": 0,
            "originalTransactionCode": null,
            "lockboxSequenceCode": "",
            "ddaTxnCode": "398",
            "valueDate": "2024-02-05",
            "day1Available": 0,
            "recordTimestamp": "2024-02-05T07:29:53Z",
            "day2Available": 0,
            "reversal": false,
            "productGroup": {
                "wire": true,
                "groupDescription": "FED WIRE TRANSFERS",
                "groupCode": "FED"
            },
            "baiType": {
                "productGroupCode": "WIRE",
                "groupDescription": "WIRE",
                "description": "IND INCOMING MONEY TRANSFER",
                "germanTypeCode": "051",
                "shortDescription": "INDIV MONEY TRANSFER",
                "btrsTypeCode": "195",
                "typeCode": "195",
                "summaryTypeCode": "190",
                "groupCode": "WIRE",
                "swiftTypeCode": "TRF"
            },
            "account": {
                "accountId": "535258795",
                "branchId": "",
                "aba": "021000021",
                "bankId": "02100002",
                "accountName": "CD Inc USD Cli",
                "bankName": "JPMORGAN CHASE NEW YORK",
                "currency": {
                    "currencySequence": 0,
                    "code": "USD",
                    "description": "US DOLLAR",
                    "decimalLocation": 2
                }
            }
        }
    ]
}
