{
    "data": [
        {
            "bankReferenceSearchable": {
                "standardValue": "3535163075ES",
                "searchValue": "3535163075ES"
            },
            "wireType": "BOOK",
            "sepaType": false,
            "thirdPartyBank": false,
            "debitCreditCode": "CREDIT",
            "supplementalTextRecordList": null,
            "lockboxDepositTime": null,
            "addenda": [],
            "day2PlusAvailable": null,
            "repairCode": "S",
            "narrativeText": {
                "REC GFP     ": "03170244",
                "REMARK      ": "REFERENCE: 0010980495 DEBIT REF DCD OF 23/06/27",
                "YOUR REF    ": "DCD OF 23/06/27",
                "REC FROM    ": "00000003861252857 DAMIEN BOY 4426 30TH ST SAN DIEGO CA 92116-4231 US"
            },
            "checkNumber": 0,
            "loggedAt": "2023-10-09T03:36:57.655351",
            "shortDescription": "BOOK TRANSFER CREDIT",
            "achBatchItems": null,
            "transactionId": "TXN-P-3907134-117333",
            "fundsTypeCode": "SAME",
            "lastUpdate": null,
            "lockboxDepositDate": null,
            "postCode": "P",
            "asOfDate": "2023-10-09",
            "floatSpreadCode": "3",
            "supplementalText": null,
            "wireReferenceSearchable": null,
            "lockboxItems": 0,
            "lockboxNumber": "",
            "supplementalTextSet": {},
            "asOfDateTime": "2023-10-09T09:27:33Z",
            "immediateAvailable": 70000,
            "narrativeTypeCode": "T",
            "customerReferenceSearchable": {
                "standardValue": "DCD OF 23/06/27",
                "searchValue": "DCD OF 23/06/27"
            },
            "sepaDetailsXml": null,
            "valueDateTime": "2023-10-09T07:29:53Z",
            "currency": {
                "currencySequence": 0,
                "code": "USD",
                "description": "US DOLLAR",
                "decimalLocation": 2
            },
            "override": false,
            "amount": 655.22,
            "receivedTimestamp": "2023-10-09T09:27:32Z",
            "transactionStatus": "O",
            "day3PlusAvailable": 0,
            "originalTransactionCode": null,
            "lockboxSequenceCode": "",
            "ddaTxnCode": "398",
            "valueDate": "2023-10-09",
            "day1Available": 0,
            "recordTimestamp": "2023-10-09T07:29:53Z",
            "day2Available": 0,
            "reversal": false,
            "productGroup": {
                "wire": true,
                "groupDescription": "BOOK TRANSFERS",
                "groupCode": "BOOK"
            },
            "baiType": {
                "productGroupCode": "WIRE",
                "groupDescription": "WIRE",
                "description": "IND INCOMING MONEY TRANSFER",
                "germanTypeCode": "051",
                "shortDescription": "INDIV MONEY TRANSFER",
                "btrsTypeCode": "195",
                "typeCode": "195",
                "summaryTypeCode": "190",
                "groupCode": "WIRE",
                "swiftTypeCode": "TRF"
            },
            "account": {
                "accountId": "10015203",
                "branchId": "",
                "aba": "021000021",
                "bankId": "02100002",
                "accountName": "CD Inc USD Cli",
                "bankName": "JPMORGAN CHASE NEW YORK",
                "currency": {
                    "currencySequence": 0,
                    "code": "USD",
                    "description": "US DOLLAR",
                    "decimalLocation": 2
                }
            }
        },
        {
            "bankReferenceSearchable": {
                "standardValue": "0289310076FF",
                "searchValue": "0289310076FF"
            },
            "wireType": "FED",
            "sepaType": false,
            "thirdPartyBank": false,
            "debitCreditCode": "CREDIT",
            "supplementalTextRecordList": null,
            "lockboxDepositTime": null,
            "addenda": [],
            "day2PlusAvailable": null,
            "repairCode": "S",
            "narrativeText": {
                "MRN SEQ     ": "119031723D106",
                "REC GFP     ": "03171423",
                "FED REF     ": "0317 QMGFT002 000200 **VIA FED**",
                "REMARK      ": "TRANSFER REF#: 0010738273 DEBIT REF 119031723D106",
                "B/O CUSTOMER": "/62690192 ADAM R TOLBERT 4911 TIFFANY AVE WINSTON SALEM NC 27104",
                "YOUR REF    ": "O/B STATE ECU RA",
                "REC FROM    ": "STATE EMPLOYEES CU PO BOX 27665 RALEIGH NC 27611-7665 US",
                "FED ID      ": "253177049"
            },
            "checkNumber": 0,
            "loggedAt": "2023-10-09T03:36:57.655351",
            "shortDescription": "FEDWIRE CREDIT",
            "achBatchItems": null,
            "transactionId": "TXN-P-3907134-117334",
            "fundsTypeCode": "SAME",
            "lastUpdate": null,
            "lockboxDepositDate": null,
            "postCode": "P",
            "asOfDate": "2023-10-09",
            "floatSpreadCode": "3",
            "supplementalText": null,
            "wireReferenceSearchable": null,
            "lockboxItems": 0,
            "lockboxNumber": "",
            "supplementalTextSet": {},
            "asOfDateTime": "2023-10-09T14:25:30Z",
            "immediateAvailable": 61000,
            "narrativeTypeCode": "T",
            "customerReferenceSearchable": {
                "standardValue": "O/B STATE ECU RA",
                "searchValue": "O/B STATE ECU RA"
            },
            "sepaDetailsXml": null,
            "valueDateTime": "2023-10-09T07:29:53Z",
            "currency": {
                "currencySequence": 0,
                "code": "USD",
                "description": "US DOLLAR",
                "decimalLocation": 2
            },
            "override": false,
            "amount": 655.33,
            "receivedTimestamp": "2023-10-09T14:25:30Z",
            "transactionStatus": "O",
            "day3PlusAvailable": 0,
            "originalTransactionCode": null,
            "lockboxSequenceCode": "",
            "ddaTxnCode": "398",
            "valueDate": "2023-10-09",
            "day1Available": 0,
            "recordTimestamp": "2023-10-09T07:29:53Z",
            "day2Available": 0,
            "reversal": false,
            "productGroup": {
                "wire": true,
                "groupDescription": "FED WIRE TRANSFERS",
                "groupCode": "FED"
            },
            "baiType": {
                "productGroupCode": "WIRE",
                "groupDescription": "WIRE",
                "description": "IND INCOMING MONEY TRANSFER",
                "germanTypeCode": "051",
                "shortDescription": "INDIV MONEY TRANSFER",
                "btrsTypeCode": "195",
                "typeCode": "195",
                "summaryTypeCode": "190",
                "groupCode": "WIRE",
                "swiftTypeCode": "TRF"
            },
            "account": {
                "accountId": "10015203",
                "branchId": "",
                "aba": "021000021",
                "bankId": "02100002",
                "accountName": "CD Inc USD Cli",
                "bankName": "JPMORGAN CHASE NEW YORK",
                "currency": {
                    "currencySequence": 0,
                    "code": "USD",
                    "description": "US DOLLAR",
                    "decimalLocation": 2
                }
            }
        },
        {
            "bankReferenceSearchable": {
                "standardValue": "0287320076FF",
                "searchValue": "0287320076FF"
            },
            "wireType": "FED",
            "sepaType": false,
            "thirdPartyBank": false,
            "debitCreditCode": "CREDIT",
            "supplementalTextRecordList": null,
            "lockboxDepositTime": null,
            "addenda": [],
            "day2PlusAvailable": null,
            "repairCode": "S",
            "narrativeText": {
                "MRN SEQ     ": "2023031700059696",
                "REC GFP     ": "03171422",
                "FED REF     ": "0317 I1B7033R 0056558 **VIA FED**",
                "REMARK      ": "LOAN EUR PURCHASE /CHGS/USD0,00/ DEBIT REF 2023031700059696",
                "B/O CUSTOMER": "/000005721948932 CESAR E MENDOZA 2075 MANCHESTER ST NE ATLANTA GA 30324",
                "YOUR REF    ": "OW00003042952642",
                "REC FROM    ": "WELLS FARGO BANK, N.A. 420 MONTGOMERY STREET SAN FRANCISCO CA 94104-1298 US",
                "FED ID      ": "121000248"
            },
            "checkNumber": 0,
            "loggedAt": "2023-10-09T03:36:57.655351",
            "shortDescription": "FEDWIRE CREDIT",
            "achBatchItems": null,
            "transactionId": "TXN-P-3907134-117335",
            "fundsTypeCode": "SAME",
            "lastUpdate": null,
            "lockboxDepositDate": null,
            "postCode": "P",
            "asOfDate": "2023-10-09",
            "floatSpreadCode": "3",
            "supplementalText": null,
            "wireReferenceSearchable": null,
            "lockboxItems": 0,
            "lockboxNumber": "",
            "supplementalTextSet": {},
            "asOfDateTime": "2023-10-09T14:23:26Z",
            "immediateAvailable": 5400,
            "narrativeTypeCode": "T",
            "customerReferenceSearchable": {
                "standardValue": "OW00003042952642",
                "searchValue": "OW00003042952642"
            },
            "sepaDetailsXml": null,
            "valueDateTime": "2023-10-09T07:29:53Z",
            "currency": {
                "currencySequence": 0,
                "code": "USD",
                "description": "US DOLLAR",
                "decimalLocation": 2
            },
            "override": false,
            "amount": 655.35,
            "receivedTimestamp": "2023-10-09T14:23:26Z",
            "transactionStatus": "O",
            "day3PlusAvailable": 0,
            "originalTransactionCode": null,
            "lockboxSequenceCode": "",
            "ddaTxnCode": "398",
            "valueDate": "2023-10-09",
            "day1Available": 0,
            "recordTimestamp": "2023-10-09T07:29:53Z",
            "day2Available": 0,
            "reversal": false,
            "productGroup": {
                "wire": true,
                "groupDescription": "FED WIRE TRANSFERS",
                "groupCode": "FED"
            },
            "baiType": {
                "productGroupCode": "WIRE",
                "groupDescription": "WIRE",
                "description": "IND INCOMING MONEY TRANSFER",
                "germanTypeCode": "051",
                "shortDescription": "INDIV MONEY TRANSFER",
                "btrsTypeCode": "195",
                "typeCode": "195",
                "summaryTypeCode": "190",
                "groupCode": "WIRE",
                "swiftTypeCode": "TRF"
            },
            "account": {
                "accountId": "10015203",
                "branchId": "",
                "aba": "021000021",
                "bankId": "02100002",
                "accountName": "CD Inc USD Cli",
                "bankName": "JPMORGAN CHASE NEW YORK",
                "currency": {
                    "currencySequence": 0,
                    "code": "USD",
                    "description": "US DOLLAR",
                    "decimalLocation": 2
                }
            }
        },
        {
            "bankReferenceSearchable": {
                "standardValue": "04528655076FC",
                "searchValue": "04528655076FC"
            },
            "wireType": "CHIP",
            "sepaType": false,
            "thirdPartyBank": false,
            "debitCreditCode": "CREDIT",
            "supplementalTextRecordList": null,
            "lockboxDepositTime": null,
            "addenda": [],
            "day2PlusAvailable": null,
            "repairCode": "S",
            "narrativeText": {
                "REC GFP     ": "03170802",
                "REMARK      ": "ID NUMBER 00083655880 DEBIT REF D03307655155801",
                "B/O CUSTOMER": "/42033911928 STEVEN M SCHEIN 2173 COLLETT AVE APT 302 CORONA CA 92879 USA",
                "YOUR REF    ": "O/B CITIBANK NYC",
                "REC FROM    ": "CITIBANK N.A. 388 GREENWICH STREET NEW YORK NY US",
                "B/O BANK    ": "CBNA - RETAIL DIGITAL 701 EAST 655TH STREET NORTH SIOUX FALLS SD 57104-0000",
                "CHIP SEQ    ": "0035842",
                "CHIP REF    ": "187821"
            },
            "checkNumber": 0,
            "loggedAt": "2023-10-09T03:36:57.655351",
            "shortDescription": "CHIPS CREDIT",
            "achBatchItems": null,
            "transactionId": "TXN-P-3907134-117336",
            "fundsTypeCode": "SAME",
            "lastUpdate": null,
            "lockboxDepositDate": null,
            "postCode": "P",
            "asOfDate": "2023-10-09",
            "floatSpreadCode": "3",
            "supplementalText": null,
            "wireReferenceSearchable": null,
            "lockboxItems": 0,
            "lockboxNumber": "",
            "supplementalTextSet": {},
            "asOfDateTime": "2023-10-09T08:04:22Z",
            "immediateAvailable": 5000,
            "narrativeTypeCode": "T",
            "customerReferenceSearchable": {
                "standardValue": "O/B CITIBANK NYC",
                "searchValue": "O/B CITIBANK NYC"
            },
            "sepaDetailsXml": null,
            "valueDateTime": "2023-10-09T07:29:53Z",
            "currency": {
                "currencySequence": 0,
                "code": "USD",
                "description": "US DOLLAR",
                "decimalLocation": 2
            },
            "override": false,
            "amount": 655.40,
            "receivedTimestamp": "2023-10-09T08:04:22Z",
            "transactionStatus": "O",
            "day3PlusAvailable": 0,
            "originalTransactionCode": null,
            "lockboxSequenceCode": "",
            "ddaTxnCode": "398",
            "valueDate": "2023-10-09",
            "day1Available": 0,
            "recordTimestamp": "2023-10-09T07:29:53Z",
            "day2Available": 0,
            "reversal": false,
            "productGroup": {
                "wire": true,
                "groupDescription": "CHIPS TRANSFERS",
                "groupCode": "CHIP"
            },
            "baiType": {
                "productGroupCode": "WIRE",
                "groupDescription": "WIRE",
                "description": "IND INCOMING MONEY TRANSFER",
                "germanTypeCode": "051",
                "shortDescription": "INDIV MONEY TRANSFER",
                "btrsTypeCode": "195",
                "typeCode": "195",
                "summaryTypeCode": "190",
                "groupCode": "WIRE",
                "swiftTypeCode": "TRF"
            },
            "account": {
                "accountId": "10015203",
                "branchId": "",
                "aba": "021000021",
                "bankId": "02100002",
                "accountName": "CD Inc USD Cli",
                "bankName": "JPMORGAN CHASE NEW YORK",
                "currency": {
                    "currencySequence": 0,
                    "code": "USD",
                    "description": "US DOLLAR",
                    "decimalLocation": 2
                }
            }
        },
        {
            "bankReferenceSearchable": {
                "standardValue": "0750428469TC",
                "searchValue": "0750428469TC"
            },
            "wireType": "EMPTY",
            "sepaType": false,
            "thirdPartyBank": false,
            "debitCreditCode": "CREDIT",
            "supplementalTextRecordList": null,
            "lockboxDepositTime": null,
            "addenda": [],
            "day2PlusAvailable": null,
            "repairCode": "",
            "narrativeText": {
                "ORIG ID     ": "1065575881",
                "ENTRY CLASS ": "CCD",
                "COMPANY DATA": "00000000264015947213",
                "ENTRY DATE  ": "230317",
                "IND ID NO   ": "26501724859514",
                "DESC DATE   ": "230316",
                "TRACE NO    ": "242071750428469",
                "IND NAME    ": "Currencies Direct Inc",
                "ORIG CO NAME": "Vantiv eCommerce",
                "ENTRY DESCR ": "Funds Disb",
                "ORIG BANK   ": "24207175"
            },
            "checkNumber": 0,
            "loggedAt": "2023-10-09T03:36:57.655351",
            "shortDescription": "EFT CREDIT",
            "achBatchItems": null,
            "transactionId": "TXN-P-3907134-117338",
            "fundsTypeCode": "SAME",
            "lastUpdate": null,
            "lockboxDepositDate": null,
            "postCode": "P",
            "asOfDate": "2023-10-09",
            "floatSpreadCode": "3",
            "supplementalText": null,
            "wireReferenceSearchable": null,
            "lockboxItems": 0,
            "lockboxNumber": "",
            "supplementalTextSet": {},
            "asOfDateTime": "2023-10-09T06:37:00Z",
            "immediateAvailable": 22936.64,
            "narrativeTypeCode": "T",
            "customerReferenceSearchable": {
                "standardValue": "26501724859514",
                "searchValue": "000000000000000026501724859514"
            },
            "sepaDetailsXml": null,
            "valueDateTime": "2023-10-09T07:29:53Z",
            "currency": {
                "currencySequence": 0,
                "code": "USD",
                "description": "US DOLLAR",
                "decimalLocation": 2
            },
            "override": false,
            "amount": 655.64,
            "receivedTimestamp": "2023-10-09T06:37:19Z",
            "transactionStatus": "O",
            "day3PlusAvailable": 0,
            "originalTransactionCode": null,
            "lockboxSequenceCode": "",
            "ddaTxnCode": "176",
            "valueDate": "2023-10-09",
            "day1Available": 0,
            "recordTimestamp": "2023-10-09T07:29:53Z",
            "day2Available": 0,
            "reversal": false,
            "productGroup": {
                "wire": false,
                "groupDescription": "AUTOMATED CLEARING HOUSE",
                "groupCode": "ACH"
            },
            "baiType": {
                "productGroupCode": "ACH",
                "groupDescription": "ACH",
                "description": "PREAUTHORIZED ACH CREDIT",
                "germanTypeCode": "004",
                "shortDescription": "EFT CREDIT",
                "btrsTypeCode": "165",
                "typeCode": "165",
                "summaryTypeCode": "140",
                "groupCode": "ACH",
                "swiftTypeCode": "TRF"
            },
            "account": {
                "accountId": "10015203",
                "branchId": "",
                "aba": "021000021",
                "bankId": "02100002",
                "accountName": "CD Inc USD Cli",
                "bankName": "JPMORGAN CHASE NEW YORK",
                "currency": {
                    "currencySequence": 0,
                    "code": "USD",
                    "description": "US DOLLAR",
                    "decimalLocation": 2
                }
            }
        },
        {
            "bankReferenceSearchable": {
                "standardValue": "0750428471TC",
                "searchValue": "0750428471TC"
            },
            "wireType": "EMPTY",
            "sepaType": false,
            "thirdPartyBank": false,
            "debitCreditCode": "CREDIT",
            "supplementalTextRecordList": null,
            "lockboxDepositTime": null,
            "addenda": [],
            "day2PlusAvailable": null,
            "repairCode": "",
            "narrativeText": {
                "ORIG ID     ": "9000041152",
                "ENTRY CLASS ": "WEB",
                "ENTRY DATE  ": "230317",
                "IND ID NO   ": "LISA RUGGIERI",
                "DESC DATE   ": "031623",
                "TRACE NO    ": "242071750428471",
                "IND NAME    ": "RUGGIER CD INC U",
                "ORIG CO NAME": "Alpine Bank",
                "ENTRY DESCR ": "P2P PAYMNT",
                "ORIG BANK   ": "24207175"
            },
            "checkNumber": 0,
            "loggedAt": "2023-10-09T03:36:57.655351",
            "shortDescription": "EFT CREDIT",
            "achBatchItems": null,
            "transactionId": "TXN-P-3907134-117339",
            "fundsTypeCode": "SAME",
            "lastUpdate": null,
            "lockboxDepositDate": null,
            "postCode": "P",
            "asOfDate": "2023-10-09",
            "floatSpreadCode": "3",
            "supplementalText": null,
            "wireReferenceSearchable": null,
            "lockboxItems": 0,
            "lockboxNumber": "",
            "supplementalTextSet": {},
            "asOfDateTime": "2023-10-09T06:37:00Z",
            "immediateAvailable": 10000,
            "narrativeTypeCode": "T",
            "customerReferenceSearchable": {
                "standardValue": "LISA RUGGIERI",
                "searchValue": "LISA RUGGIERI"
            },
            "sepaDetailsXml": null,
            "valueDateTime": "2023-10-09T07:29:53Z",
            "currency": {
                "currencySequence": 0,
                "code": "USD",
                "description": "US DOLLAR",
                "decimalLocation": 2
            },
            "override": false,
            "amount": 655.80,
            "receivedTimestamp": "2023-10-09T06:37:19Z",
            "transactionStatus": "O",
            "day3PlusAvailable": 0,
            "originalTransactionCode": null,
            "lockboxSequenceCode": "",
            "ddaTxnCode": "176",
            "valueDate": "2023-10-09",
            "day1Available": 0,
            "recordTimestamp": "2023-10-09T07:29:53Z",
            "day2Available": 0,
            "reversal": false,
            "productGroup": {
                "wire": false,
                "groupDescription": "AUTOMATED CLEARING HOUSE",
                "groupCode": "ACH"
            },
            "baiType": {
                "productGroupCode": "ACH",
                "groupDescription": "ACH",
                "description": "PREAUTHORIZED ACH CREDIT",
                "germanTypeCode": "004",
                "shortDescription": "EFT CREDIT",
                "btrsTypeCode": "165",
                "typeCode": "165",
                "summaryTypeCode": "140",
                "groupCode": "ACH",
                "swiftTypeCode": "TRF"
            },
            "account": {
                "accountId": "10015203",
                "branchId": "",
                "aba": "021000021",
                "bankId": "02100002",
                "accountName": "CD Inc USD Cli",
                "bankName": "JPMORGAN CHASE NEW YORK",
                "currency": {
                    "currencySequence": 0,
                    "code": "USD",
                    "description": "US DOLLAR",
                    "decimalLocation": 2
                }
            }
        },
        {
            "bankReferenceSearchable": {
                "standardValue": "0750428474TC",
                "searchValue": "0750428474TC"
            },
            "wireType": "EMPTY",
            "sepaType": false,
            "thirdPartyBank": false,
            "debitCreditCode": "CREDIT",
            "supplementalTextRecordList": null,
            "lockboxDepositTime": null,
            "addenda": [],
            "day2PlusAvailable": null,
            "repairCode": "",
            "narrativeText": {
                "ORIG ID     ": "9200502233",
                "ENTRY CLASS ": "PPD",
                "ENTRY DATE  ": "230317",
                "IND ID NO   ": "16843038376",
                "DESC DATE   ": "230317",
                "TRACE NO    ": "021000020428474",
                "IND NAME    ": "Auth",
                "ORIG CO NAME": "JPMorgan Chase",
                "ENTRY DESCR ": "ACCTVERIFY",
                "ORIG BANK   ": "JPMorgan Chase Bank, N.A. (NY)"
            },
            "checkNumber": 0,
            "loggedAt": "2023-10-09T03:36:57.655351",
            "shortDescription": "EFT CREDIT",
            "achBatchItems": null,
            "transactionId": "TXN-P-3907134-117340",
            "fundsTypeCode": "SAME",
            "lastUpdate": null,
            "lockboxDepositDate": null,
            "postCode": "P",
            "asOfDate": "2023-10-09",
            "floatSpreadCode": "3",
            "supplementalText": null,
            "wireReferenceSearchable": null,
            "lockboxItems": 0,
            "lockboxNumber": "",
            "supplementalTextSet": {},
            "asOfDateTime": "2023-10-09T06:37:00Z",
            "immediateAvailable": 0.4,
            "narrativeTypeCode": "T",
            "customerReferenceSearchable": {
                "standardValue": "16843038376",
                "searchValue": "000000000000000000016843038376"
            },
            "sepaDetailsXml": null,
            "valueDateTime": "2023-10-09T07:29:53Z",
            "currency": {
                "currencySequence": 0,
                "code": "USD",
                "description": "US DOLLAR",
                "decimalLocation": 2
            },
            "override": false,
            "amount": 655.8,
            "receivedTimestamp": "2023-10-09T06:37:19Z",
            "transactionStatus": "O",
            "day3PlusAvailable": 0,
            "originalTransactionCode": null,
            "lockboxSequenceCode": "",
            "ddaTxnCode": "176",
            "valueDate": "2023-10-09",
            "day1Available": 0,
            "recordTimestamp": "2023-10-09T07:29:53Z",
            "day2Available": 0,
            "reversal": false,
            "productGroup": {
                "wire": false,
                "groupDescription": "AUTOMATED CLEARING HOUSE",
                "groupCode": "ACH"
            },
            "baiType": {
                "productGroupCode": "ACH",
                "groupDescription": "ACH",
                "description": "PREAUTHORIZED ACH CREDIT",
                "germanTypeCode": "004",
                "shortDescription": "EFT CREDIT",
                "btrsTypeCode": "165",
                "typeCode": "165",
                "summaryTypeCode": "140",
                "groupCode": "ACH",
                "swiftTypeCode": "TRF"
            },
            "account": {
                "accountId": "10015203",
                "branchId": "",
                "aba": "021000021",
                "bankId": "02100002",
                "accountName": "CD Inc USD Cli",
                "bankName": "JPMORGAN CHASE NEW YORK",
                "currency": {
                    "currencySequence": 0,
                    "code": "USD",
                    "description": "US DOLLAR",
                    "decimalLocation": 2
                }
            }
        },
        {
            "bankReferenceSearchable": {
                "standardValue": "0750428473TC",
                "searchValue": "0750428473TC"
            },
            "wireType": "EMPTY",
            "sepaType": false,
            "thirdPartyBank": false,
            "debitCreditCode": "CREDIT",
            "supplementalTextRecordList": null,
            "lockboxDepositTime": null,
            "addenda": [],
            "day2PlusAvailable": null,
            "repairCode": "",
            "narrativeText": {
                "ORIG ID     ": "9200502233",
                "ENTRY CLASS ": "PPD",
                "ENTRY DATE  ": "230317",
                "IND ID NO   ": "16843038377",
                "DESC DATE   ": "230317",
                "TRACE NO    ": "021000020428473",
                "IND NAME    ": "Auth",
                "ORIG CO NAME": "JPMorgan Chase",
                "ENTRY DESCR ": "ACCTVERIFY",
                "ORIG BANK   ": "JPMorgan Chase Bank, N.A. (NY)"
            },
            "checkNumber": 0,
            "loggedAt": "2023-10-09T03:36:57.655351",
            "shortDescription": "EFT CREDIT",
            "achBatchItems": null,
            "transactionId": "TXN-P-3907134-117341",
            "fundsTypeCode": "SAME",
            "lastUpdate": null,
            "lockboxDepositDate": null,
            "postCode": "P",
            "asOfDate": "2023-10-09",
            "floatSpreadCode": "3",
            "supplementalText": null,
            "wireReferenceSearchable": null,
            "lockboxItems": 0,
            "lockboxNumber": "",
            "supplementalTextSet": {},
            "asOfDateTime": "2023-10-09T06:37:00Z",
            "immediateAvailable": 0.11,
            "narrativeTypeCode": "T",
            "customerReferenceSearchable": {
                "standardValue": "16843038377",
                "searchValue": "000000000000000000016843038377"
            },
            "sepaDetailsXml": null,
            "valueDateTime": "2023-10-09T07:29:53Z",
            "currency": {
                "currencySequence": 0,
                "code": "USD",
                "description": "US DOLLAR",
                "decimalLocation": 2
            },
            "override": false,
            "amount": 655.15,
            "receivedTimestamp": "2023-10-09T06:37:19Z",
            "transactionStatus": "O",
            "day3PlusAvailable": 0,
            "originalTransactionCode": null,
            "lockboxSequenceCode": "",
            "ddaTxnCode": "176",
            "valueDate": "2023-10-09",
            "day1Available": 0,
            "recordTimestamp": "2023-10-09T07:29:53Z",
            "day2Available": 0,
            "reversal": false,
            "productGroup": {
                "wire": false,
                "groupDescription": "AUTOMATED CLEARING HOUSE",
                "groupCode": "ACH"
            },
            "baiType": {
                "productGroupCode": "ACH",
                "groupDescription": "ACH",
                "description": "PREAUTHORIZED ACH CREDIT",
                "germanTypeCode": "004",
                "shortDescription": "EFT CREDIT",
                "btrsTypeCode": "165",
                "typeCode": "165",
                "summaryTypeCode": "140",
                "groupCode": "ACH",
                "swiftTypeCode": "TRF"
            },
            "account": {
                "accountId": "10015203",
                "branchId": "",
                "aba": "021000021",
                "bankId": "02100002",
                "accountName": "CD Inc USD Cli",
                "bankName": "JPMORGAN CHASE NEW YORK",
                "currency": {
                    "currencySequence": 0,
                    "code": "USD",
                    "description": "US DOLLAR",
                    "decimalLocation": 2
                }
            }
        },
        {
            "bankReferenceSearchable": {
                "standardValue": "0751200823TC",
                "searchValue": "0751200823TC"
            },
            "wireType": "EMPTY",
            "sepaType": false,
            "thirdPartyBank": false,
            "debitCreditCode": "DEBIT",
            "supplementalTextRecordList": null,
            "lockboxDepositTime": null,
            "addenda": [],
            "day2PlusAvailable": null,
            "repairCode": "",
            "narrativeText": {
                "ORIG ID     ": "9200502233",
                "ENTRY CLASS ": "WEB",
                "ENTRY DATE  ": "230317",
                "IND ID NO   ": "16843038378",
                "DESC DATE   ": "230317",
                "TRACE NO    ": "021000021200823",
                "IND NAME    ": "Auth",
                "ORIG CO NAME": "JPMorgan Chase",
                "ENTRY DESCR ": "ACCTVERIFY",
                "ORIG BANK   ": "JPMorgan Chase Bank, N.A. (NY)"
            },
            "checkNumber": 0,
            "loggedAt": "2023-10-09T03:36:57.655351",
            "shortDescription": "EFT DEBIT",
            "achBatchItems": null,
            "transactionId": "TXN-P-3907134-117342",
            "fundsTypeCode": "SAME",
            "lastUpdate": null,
            "lockboxDepositDate": null,
            "postCode": "P",
            "asOfDate": "2023-10-09",
            "floatSpreadCode": "3",
            "supplementalText": null,
            "wireReferenceSearchable": null,
            "lockboxItems": 0,
            "lockboxNumber": "",
            "supplementalTextSet": {},
            "asOfDateTime": "2023-10-09T06:37:00Z",
            "immediateAvailable": 0.51,
            "narrativeTypeCode": "T",
            "customerReferenceSearchable": {
                "standardValue": "16843038378",
                "searchValue": "000000000000000000016843038378"
            },
            "sepaDetailsXml": null,
            "valueDateTime": "2023-10-09T07:29:53Z",
            "currency": {
                "currencySequence": 0,
                "code": "USD",
                "description": "US DOLLAR",
                "decimalLocation": 2
            },
            "override": false,
            "amount": 655.34,
            "receivedTimestamp": "2023-10-09T06:37:19Z",
            "transactionStatus": "O",
            "day3PlusAvailable": 0,
            "originalTransactionCode": null,
            "lockboxSequenceCode": "",
            "ddaTxnCode": "177",
            "valueDate": "2023-10-09",
            "day1Available": 0,
            "recordTimestamp": "2023-10-09T07:29:53Z",
            "day2Available": 0,
            "reversal": false,
            "productGroup": {
                "wire": false,
                "groupDescription": "AUTOMATED CLEARING HOUSE",
                "groupCode": "ACH"
            },
            "baiType": {
                "productGroupCode": "ACH",
                "groupDescription": "ACH",
                "description": "PREAUTHORIZED ACH DEBIT",
                "germanTypeCode": "010",
                "shortDescription": "EFT DEBIT",
                "btrsTypeCode": "455",
                "typeCode": "455",
                "summaryTypeCode": "450",
                "groupCode": "ACH",
                "swiftTypeCode": "STO"
            },
            "account": {
                "accountId": "10015203",
                "branchId": "",
                "aba": "021000021",
                "bankId": "02100002",
                "accountName": "CD Inc USD Cli",
                "bankName": "JPMORGAN CHASE NEW YORK",
                "currency": {
                    "currencySequence": 0,
                    "code": "USD",
                    "description": "US DOLLAR",
                    "decimalLocation": 2
                }
            }
        },
        {
            "bankReferenceSearchable": {
                "standardValue": "3871300076JO",
                "searchValue": "3871300076JO"
            },
            "wireType": "CHIP",
            "sepaType": false,
            "thirdPartyBank": false,
            "debitCreditCode": "DEBIT",
            "supplementalTextRecordList": null,
            "lockboxDepositTime": null,
            "addenda": [],
            "day2PlusAvailable": null,
            "repairCode": "S",
            "narrativeText": {
                "REC GFP     ": "03171553",
                "REMARK      ": "INTERNAL TRANSFER CREDIT REF ATS OF 23/03/17",
                "PAID TO     ": "BARCLAYS BANK PLC 745 SEVENTH AVENUE NEW YORK NY 10265 US",
                "YOUR REF    ": "NONREF",
                "ACCT PARTY  ": "CHP/007668 BARCLAYS BANK PLC HEAD OFFICE 4 ROYAL MINT COURT LONDON EC3 NHJ, ENGLAND",
                "CHIP SEQ    ": "0081262",
                "ULTI BENE   ": "/GB52BARC20199043814644 CD USD TREASURY GB",
                "CHIP REF    ": "425244**8"
            },
            "checkNumber": 0,
            "loggedAt": "2023-10-09T03:36:57.655351",
            "shortDescription": "CHIPS DEBIT",
            "achBatchItems": null,
            "transactionId": "TXN-P-3907134-117343",
            "fundsTypeCode": "SAME",
            "lastUpdate": null,
            "lockboxDepositDate": null,
            "postCode": "P",
            "asOfDate": "2023-10-09",
            "floatSpreadCode": "3",
            "supplementalText": null,
            "wireReferenceSearchable": null,
            "lockboxItems": 0,
            "lockboxNumber": "",
            "supplementalTextSet": {},
            "asOfDateTime": "2023-10-09T15:55:12Z",
            "immediateAvailable": 1000000,
            "narrativeTypeCode": "T",
            "customerReferenceSearchable": {
                "standardValue": "NONREF",
                "searchValue": "NONREF"
            },
            "sepaDetailsXml": null,
            "valueDateTime": "2023-10-09T07:29:53Z",
            "currency": {
                "currencySequence": 0,
                "code": "USD",
                "description": "US DOLLAR",
                "decimalLocation": 2
            },
            "override": false,
            "amount": 655.99,
            "receivedTimestamp": "2023-10-09T15:55:12Z",
            "transactionStatus": "O",
            "day3PlusAvailable": 0,
            "originalTransactionCode": null,
            "lockboxSequenceCode": "",
            "ddaTxnCode": "399",
            "valueDate": "2023-10-09",
            "day1Available": 0,
            "recordTimestamp": "2023-10-09T07:29:53Z",
            "day2Available": 0,
            "reversal": false,
            "productGroup": {
                "wire": true,
                "groupDescription": "CHIPS TRANSFERS",
                "groupCode": "CHIP"
            },
            "baiType": {
                "productGroupCode": "WIRE",
                "groupDescription": "WIRE",
                "description": "IND OUTGOING MONEY TRANSFERS",
                "germanTypeCode": "051",
                "shortDescription": "IND MONEY TRANSFER",
                "btrsTypeCode": "495",
                "typeCode": "495",
                "summaryTypeCode": "490",
                "groupCode": "WIRE",
                "swiftTypeCode": "TRF"
            },
            "account": {
                "accountId": "10015203",
                "branchId": "",
                "aba": "021000021",
                "bankId": "02100002",
                "accountName": "CD Inc USD Cli",
                "bankName": "JPMORGAN CHASE NEW YORK",
                "currency": {
                    "currencySequence": 0,
                    "code": "USD",
                    "description": "US DOLLAR",
                    "decimalLocation": 2
                }
            }
        }
    ]
}
