{
    "data": [
        {
            "bankReferenceSearchable": {
                "standardValue": "3535163075ES",
                "searchValue": "3535163075ES"
            },
            "wireType": "BOOK",
            "sepaType": false,
            "thirdPartyBank": false,
            "debitCreditCode": "CREDIT",
            "supplementalTextRecordList": null,
            "lockboxDepositTime": null,
            "addenda": [],
            "day2PlusAvailable": null,
            "repairCode": "S",
            "narrativeText": {
                "REMARK      ": "DEPOSIT"
            },
            "checkNumber": 0,
            "loggedAt": "2023-12-14T03:36:57.365351",
            "shortDescription": "BOOK TRANSFER CREDIT",
            "achBatchItems": null,
            "transactionId": "TXN-P-3907134-117333",
            "fundsTypeCode": "SAME",
            "lastUpdate": null,
            "lockboxDepositDate": null,
            "postCode": "P",
            "asOfDate": "2023-12-14",
            "floatSpreadCode": "3",
            "supplementalText": null,
            "wireReferenceSearchable": null,
            "lockboxItems": 0,
            "lockboxNumber": "",
            "supplementalTextSet": {},
            "asOfDateTime": "2023-12-14T09:27:33Z",
            "immediateAvailable": 70000,
            "narrativeTypeCode": "T",
            "customerReferenceSearchable": {
                "standardValue": "DCD OF 23/03/16",
                "searchValue": "DCD OF 23/03/16"
            },
            "sepaDetailsXml": null,
            "valueDateTime": "2023-12-14T07:29:53Z",
            "currency": {
                "currencySequence": 0,
                "code": "USD",
                "description": "US DOLLAR",
                "decimalLocation": 2
            },
            "override": false,
            "amount": 452.00,
            "receivedTimestamp": "2023-12-14T09:27:32Z",
            "transactionStatus": "O",
            "day3PlusAvailable": 0,
            "originalTransactionCode": null,
            "lockboxSequenceCode": "",
            "ddaTxnCode": "398",
            "valueDate": "2023-12-14",
            "day1Available": 0,
            "recordTimestamp": "2023-12-14T07:29:53Z",
            "day2Available": 0,
            "reversal": false,
            "productGroup": {
                "wire": true,
                "groupDescription": "BOOK TRANSFERS",
                "groupCode": "BOOK"
            },
            "baiType": {
                "productGroupCode": "WIRE",
                "groupDescription": "WIRE",
                "description": "IND INCOMING MONEY TRANSFER",
                "germanTypeCode": "051",
                "shortDescription": "INDIV MONEY TRANSFER",
                "btrsTypeCode": "195",
                "typeCode": "195",
                "summaryTypeCode": "190",
                "groupCode": "WIRE",
                "swiftTypeCode": "TRF"
            },
            "account": {
                "accountId": "54845125421",
                "branchId": "",
                "aba": "021000021",
                "bankId": "02100002",
                "accountName": "CD Inc USD Cli",
                "bankName": "JPMORGAN CHASE NEW YORK",
                "currency": {
                    "currencySequence": 0,
                    "code": "USD",
                    "description": "US DOLLAR",
                    "decimalLocation": 2
                }
            }
        }
    ]
}
