{
    "data": [
        {
            "account": {
                "accountId": "0010014993",
                "accountName": "CD Inc USD Cli",
                "bankId": "02100002",
                "branchId": "",
                "bankName": "JPMORGAN CHASE NEW YORK",
                "currency": {
                    "code": "USD",
                    "description": "US DOLLAR",
                    "decimalLocation": 2,
                    "currencySequence": 0
                },
                "aba": "021000021"
            },
            "asOfDateTime": "2024-05-08T15:17:54Z",
            "valueDateTime": "2024-05-08T15:17:54Z",
            "asOfDate": "2024-05-08",
            "valueDate": "2024-05-08",
            "recordTimestamp": "2024-05-08T15:17:54Z",
            "lastUpdate": null,
            "receivedTimestamp": "2024-05-08T15:17:53Z",
            "productGroup": {
                "groupCode": "FED",
                "groupDescription": "FED WIRE TRANSFERS",
                "wire": true
            },
            "debitCreditCode": "CREDIT",
            "baiType": {
                "typeCode": "195",
                "summaryTypeCode": "190",
                "description": "IND INCOMING MONEY TRANSFER",
                "shortDescription": "INDIV MONEY TRANSFER",
                "groupCode": "WIRE",
                "groupDescription": "WIRE",
                "productGroupCode": "WIRE",
                "btrsTypeCode": "195",
                "germanTypeCode": "051",
                "swiftTypeCode": "TRF"
            },
            "ddaTxnCode": "398",
            "originalTransactionCode": null,
            "fundsTypeCode": "SAME",
            "currency": {
                "code": "USD",
                "description": "US DOLLAR",
                "decimalLocation": 2,
                "currencySequence": 0
            },
            "amount": 228.01,
            "immediateAvailable": 5000.0,
            "day1Available": 0.0,
            "day2Available": 0.0,
            "day2PlusAvailable": null,
            "day3PlusAvailable": 0.0,
            "bankReferenceSearchable": {
                "standardValue": "0346300102FF",
                "searchValue": "0346300102FF"
            },
            "customerReferenceSearchable": {
                "standardValue": "OW00003121792011",
                "searchValue": "OW00003121792011"
            },
            "wireReferenceSearchable": null,
            "repairCode": "S",
            "reversal": false,
            "override": false,
            "transactionStatus": "O",
            "shortDescription": "FEDWIRE CREDIT",
            "wireType": "FED",
            "checkNumber": 0,
            "lockboxSequenceCode": "",
            "lockboxItems": 0.0,
            "lockboxNumber": "",
            "lockboxDepositDate": null,
            "lockboxDepositTime": null,
            "narrativeText": {
                "YOUR REF    ": "OW00003121792011",
                "REC FROM    ": "WELLS FARGO BANK, N.A. 420 MONTGOMERY STREET SAN FRANCISCO CA 94104-1298 US",
                "FED ID      ": "121000248",
                "B/O CUSTOMER": "/000001222634501 JAMES AND PAULA REDMOND FAMILY TRUST 4921 PASEO DEL PAVON TORRANCE CA 90505",
                "REMARK      ": "0011073035 /CHGS/USD0,00/ DEBIT REF 2023041200073969",
                "REC GFP     ": "04121516",
                "MRN SEQ     ": "2023041200073969",
                "FED REF     ": "0412 I1B7032R 007605 **VIA FED**"
            },
            "narrativeTypeCode": "T",
            "addenda": [],
            "floatSpreadCode": "3",
            "sepaDetailsXml": null,
            "postCode": "I",
            "supplementalTextSet": {},
            "supplementalTextRecordList": null,
            "supplementalText": null,
            "thirdPartyBank": false,
            "achBatchItems": null,
            "sepaType": false,
            "transactionId": "TXN-C-3929339-401609",
            "loggedAt": "2024-05-08T11:17:54.152590"
        }
    ]
}
