{
	"data": [
	{
			"bankReferenceSearchable": {
				"standardValue": "0000008160SB",
				"searchValue": "0000008160SB"
			},
			"wireType": "EMPTY",
			"sepaType": false,
			"thirdPartyBank": false,
			"debitCreditCode": "CREDIT",
			"supplementalTextRecordList": null,
			"lockboxDepositTime": null,
			"addenda": null,
			"day2PlusAvailable": null,
			"repairCode": "",
			"narrativeText": {
				"REMARK      ": "DEPOSIT"
			},
			"checkNumber": 0,
			"loggedAt": "2024-04-02T13:05:42.305733",
			"shortDescription": "BTQ CREDIT MEMO",
			"achBatchItems": null,
			"transactionId": "TXN-C-3983028-308628",
			"fundsTypeCode": "UNKNOWN",
			"lastUpdate": null,
			"lockboxDepositDate": null,
			"postCode": "I",
			"asOfDate": "2024-04-02",
			"floatSpreadCode": "3",
			"supplementalText": null,
			"wireReferenceSearchable": null,
			"lockboxItems": 0,
			"lockboxNumber": "",
			"supplementalTextSet": {},
			"asOfDateTime": "2024-04-02T17:05:42Z",
			"immediateAvailable": 0,
			"narrativeTypeCode": "T",
			"customerReferenceSearchable": {
				"standardValue": "0002000000000",
				"searchValue": "000000000000000000001210942918"
			},
			"sepaDetailsXml": null,
			"valueDateTime": "2024-04-02T17:05:42Z",
			"currency": {
				"currencySequence": 0,
				"code": "USD",
				"description": "US DOLLAR",
				"decimalLocation": 2
			},
			"override": false,
			"amount": 557.00,
			"receivedTimestamp": "2024-04-02T17:05:42Z",
			"transactionStatus": "O",
			"day3PlusAvailable": 0,
			"originalTransactionCode": null,
			"lockboxSequenceCode": "",
			"ddaTxnCode": "002",
			"valueDate": "2024-04-02",
			"day1Available": 0,
			"recordTimestamp": "2024-04-02T17:05:42Z",
			"day2Available": 5000,
			"reversal": false,
			"productGroup": {
				"wire": false,
				"groupDescription": "DEPOSIT AND REMITTANCE",
				"groupCode": "D/R"
			},
			"baiType": {
				"productGroupCode": "D/R",
				"groupDescription": "CHECK",
				"description": "INDIV CHECK DEPOSIT PACKAGES",
				"germanTypeCode": "082",
				"shortDescription": "INDIVIDUAL CHECK PKG",
				"btrsTypeCode": "301",
				"typeCode": "175",
				"summaryTypeCode": "1557",
				"groupCode": "CHECK",
				"swiftTypeCode": "CHK"
			},
			"account": {
				"accountId": "000000610979293",
				"branchId": "",
				"aba": "021000021",
				"bankId": "02100002",
				"accountName": "CD Inc USD Cli",
				"bankName": "JPMORGAN CHASE NEW YORK",
				"currency": {
					"currencySequence": 0,
					"code": "USD",
					"description": "US DOLLAR",
					"decimalLocation": 2
				}
			}
		}
	]
}
