{
  "data": [
    {
      "account": {
        "accountId": "952251630",
        "accountName": "CD Ltd USD Treasury Acc",
        "bankId": "CHASGB2L",
        "branchId": "",
        "bankName": "JPMorgan Chase Bank, NA London",
        "currency": {
          "code": "USD",
          "description": "POUND STERLING",
          "decimalLocation": 2,
          "currencySequence": 0
        },
        "swift": "CHASGB2L"
      },
      "asOfDateTime": "2024-05-29T00:00:27Z",
      "valueDateTime": "2024-05-29T00:00:27Z",
      "asOfDate": "2024-05-29",
      "valueDate": "2024-05-29",
      "recordTimestamp": "2024-05-29T00:00:27Z",
      "lastUpdate": null,
      "receivedTimestamp": "2024-05-29T00:00:27Z",
      "productGroup": {
        "groupCode": "WIRE",
        "groupDescription": "OTHER FUNDS TRANSFERS",
        "wire": true
      },
      "debitCreditCode": "CREDIT",
      "baiType": {
        "typeCode": "195",
        "summaryTypeCode": "190",
        "description": "IND INCOMING MONEY TRANSFER",
        "shortDescription": "INDIV MONEY TRANSFER",
        "groupCode": "WIRE",
        "groupDescription": "WIRE",
        "productGroupCode": "WIRE",
        "btrsTypeCode": "195",
        "germanTypeCode": "051",
        "swiftTypeCode": "TRF"
      },
      "ddaTxnCode": "",
      "originalTransactionCode": null,
      "fundsTypeCode": "SAME",
      "currency": {
        "code": "USD",
        "description": "POUND STERLING",
        "decimalLocation": 2,
        "currencySequence": 0
      },
      "amount": 975,
      "immediateAvailable": 890.0,
      "day1Available": 0.0,
      "day2Available": 0.0,
      "day2PlusAvailable": null,
      "day3PlusAvailable": 0.0,
      "bankReferenceSearchable": {
        "standardValue": "42ZDLFKD",
        "searchValue": "42ZDLFKD"
      },
      "customerReferenceSearchable": {
        "standardValue": "00088517156",
        "searchValue": "0000000000000000000000088517156"
      },
      "wireReferenceSearchable": null,
      "repairCode": "",
      "reversal": false,
      "override": false,
      "transactionStatus": "O",
      "shortDescription": "INCOMING MONEY XFR",
      "wireType": "EMPTY",
      "checkNumber": 0,
      "lockboxSequenceCode": "",
      "lockboxItems": 0.0,
      "lockboxNumber": "",
      "lockboxDepositDate": null,
      "lockboxDepositTime": null,
      "narrativeText": {
        "VAL DATE    ": "12JULY23",
        "YOUR REF    ": "3003LON322780000",
        "B/O CUSTOMER": "19000793 JPMORGAN CHASE BANK LONDON",
        "BENEFICIARY ": "/ /952251630 CURRENCIES DIRECT LIMITED",
        "REC FROM    ": "JPMORGAN CHASE BANK LONDON",
        "REMARK      ": "/BNF/RETN/YOUR PYMNT VD 03/01/2023 //MREF/3010171511042605 //USD 9282.22 //AS UNABLE TO APPLY"
      },
      "narrativeTypeCode": "T",
      "addenda": [],
      "floatSpreadCode": "3",
      "sepaDetailsXml": null,
      "postCode": "I",
      "supplementalTextSet": {},
      "supplementalTextRecordList": [],
      "supplementalText": null,
      "thirdPartyBank": false,
      "achBatchItems": null,
      "sepaType": false,
      "transactionId": "TXN-C-36077911-132589",
      "loggedAt": "2024-05-29T00:00:27"
    }
  ]
}
