{
    "data": [
        {
            "bankReferenceSearchable": {
                "standardValue": "4025844002ES",
                "searchValue": "4025844002ES"
            },
            "wireType": "BOOK",
            "sepaType": false,
            "thirdPartyBank": false,
            "debitCreditCode": "CREDIT",
            "supplementalTextRecordList": null,
            "lockboxDepositTime": null,
            "addenda": [],
            "day2PlusAvailable": null,
            "repairCode": "S",
            "narrativeText": {
                "REC GFP     ": "01022036",
                "REMARK      ": "0004294571 /BNF/0004294571 DEBIT REF POH OF 24/01/08",
                "YOUR REF    ": "POH OF 24/01/08",
                "REC FROM    ": "00000000712837954 THOMAS J GRIFFETT FRANCES MARIE 16 SKIPTON RD ILKLEY WEST YORKSHIRELS29 9EJ GREAT BRITAIN GB"
            },
            "checkNumber": 0,
            "loggedAt": "2024-01-08T15:37:59.465991",
            "shortDescription": "BOOK TRANSFER CREDIT",
            "achBatchItems": null,
            "transactionId": "TXN-C-4161322-638970",
            "fundsTypeCode": "SAME",
            "lastUpdate": null,
            "lockboxDepositDate": null,
            "postCode": "I",
            "asOfDate": "2024-01-08",
            "floatSpreadCode": "3",
            "supplementalText": null,
            "wireReferenceSearchable": null,
            "lockboxItems": 0,
            "lockboxNumber": "",
            "supplementalTextSet": {},
            "asOfDateTime": "2024-01-08T20:37:59Z",
            "immediateAvailable": 1000,
            "narrativeTypeCode": "T",
            "customerReferenceSearchable": {
                "standardValue": "POH OF 24/01/08",
                "searchValue": "POH OF 24/01/08"
            },
            "sepaDetailsXml": null,
            "valueDateTime": "2024-01-08T20:37:59Z",
            "currency": {
                "currencySequence": 0,
                "code": "USD",
                "description": "US DOLLAR",
                "decimalLocation": 2
            },
            "override": false,
            "amount": 132,
            "receivedTimestamp": "2024-01-08T20:37:48Z",
            "transactionStatus": "O",
            "day3PlusAvailable": 0,
            "originalTransactionCode": null,
            "lockboxSequenceCode": "",
            "ddaTxnCode": "398",
            "valueDate": "2024-01-08",
            "day1Available": 0,
            "recordTimestamp": "2024-01-08T20:37:59Z",
            "day2Available": 0,
            "reversal": false,
            "productGroup": {
                "wire": true,
                "groupDescription": "BOOK TRANSFERS",
                "groupCode": "BOOK"
            },
            "baiType": {
                "productGroupCode": "WIRE",
                "groupDescription": "WIRE",
                "description": "IND INCOMING MONEY TRANSFER",
                "germanTypeCode": "051",
                "shortDescription": "INDIV MONEY TRANSFER",
                "btrsTypeCode": "195",
                "typeCode": "195",
                "summaryTypeCode": "190",
                "groupCode": "WIRE",
                "swiftTypeCode": "TRF"
            },
            "account": {
                "accountId": "54845125421",
                "branchId": "",
                "aba": "021000021",
                "bankId": "02100002",
                "accountName": "Curren Dire IncT USD",
                "bankName": "JPMORGAN CHASE BANK, N.A. - NEW YOR",
                "currency": {
                    "currencySequence": 0,
                    "code": "USD",
                    "description": "US DOLLAR",
                    "decimalLocation": 2
                }
            }
        }
    ]
}
