{
  "data": [
    {
      "bankReferenceSearchable": {
        "standardValue": "0008352237",
        "searchValue": "00000000000008352237"
      },
      "wireType": "EMPTY",
      "sepaType": false,
      "thirdPartyBank": false,
      "debitCreditCode": "DEBIT",
      "supplementalTextRecordList": [],
      "lockboxDepositTime": null,
      "addenda": null,
      "day2PlusAvailable": null,
      "repairCode": "",
      "narrativeText": {
        "BENE ACCOUNT": "326808580",
        "B/O CUSTOMER": "Mark asquith3 Mariposa Crescent 0626 Birkenh ead Auckland NZL 0626 Birkenhead Auckland NZ",
        "PAID TO     ": "Westpac New Zealand Limited",
        "YOUR REF    ": "404181434206947",
        "CHASE REF   ": "06503351CL66.0009",
        "EXCH RATE   ": "1.0000000",
        "PAY METHOD  ": "OUTWARD PAYMENT",
        "BENEFICIARY ": "Mark Anthony Asquith",
        "PAYDET      ": "/B/O  UK funds BRANCH 031514 PROPERTY PURCHASE"
      },
      "checkNumber": 0,
      "loggedAt": "2024-05-24T15:08:09.816098",
      "shortDescription": "AUTOPAY - DR.",
      "achBatchItems": null,
      "transactionId": "TXN-C-4224965-592770",
      "fundsTypeCode": "SAME",
      "lastUpdate": null,
      "lockboxDepositDate": null,
      "postCode": "I",
      "asOfDate": "2024-05-28",
      "floatSpreadCode": "3",
      "supplementalText": null,
      "wireReferenceSearchable": null,
      "lockboxItems": 0,
      "lockboxNumber": "",
      "supplementalTextSet": {},
      "asOfDateTime": "2024-05-28T20:08:09Z",
      "immediateAvailable": 954,
      "narrativeTypeCode": "T",
      "customerReferenceSearchable": {
        "standardValue": "404181434206947",
        "searchValue": "000000000000000404181434206947"
      },
      "sepaDetailsXml": null,
      "valueDateTime": "2024-05-28T09:03:00Z",
      "currency": {
        "currencySequence": 0,
        "code": "USD",
        "description": "NEW ZEALAND DOLLAR",
        "decimalLocation": 2
      },
      "override": false,
      "amount": 63.00,
      "receivedTimestamp": "2024-05-28T20:08:05Z",
      "transactionStatus": "O",
      "day3PlusAvailable": 0,
      "originalTransactionCode": null,
      "lockboxSequenceCode": "",
      "ddaTxnCode": "",
      "valueDate": "2024-05-28",
      "day1Available": 0,
      "recordTimestamp": "2024-05-28T20:08:09Z",
      "day2Available": 0,
      "reversal": false,
      "productGroup": {
        "wire": false,
        "groupDescription": "AUTOMATED CLEARING HOUSE",
        "groupCode": "ACH"
      },
      "baiType": {
        "productGroupCode": "ACH",
        "groupDescription": "ACH",
        "description": "MISC. ACH DEBIT",
        "germanTypeCode": "020",
        "shortDescription": "MISC ACH DEBIT",
        "btrsTypeCode": "469",
        "typeCode": "469",
        "summaryTypeCode": "450",
        "groupCode": "ACH",
        "swiftTypeCode": "DDT"
      },
      "account": {
        "accountId": "952251630",
        "branchId": "",
        "bankId": "CHASNZ2X",
        "accountName": "TOR FX PTY LTD NZD CLIENT ACCO",
        "bankName": "JPMorgan Chase Bank, NA New Zealand",
        "currency": {
          "currencySequence": 0,
          "code": "USD",
          "description": "NEW ZEALAND DOLLAR",
          "decimalLocation": 2
        },
        "swift": "CHASNZ2A"
      }
    }
  ]
}