{
    "data": [
        {
            "account": {
                "accountId": "000000610979293",
                "accountName": "CD Inc USD Cli",
                "bankId": "02100002",
                "branchId": "",
                "bankName": "JPMORGAN CHASE NEW YORK",
                "currency": {
                    "code": "USD",
                    "description": "US DOLLAR",
                    "decimalLocation": 2,
                    "currencySequence": 0
                },
                "aba": "021000021"
            },
            "asOfDateTime": "2024-05-08T16:12:20Z",
            "valueDateTime": "2024-05-08T16:12:20Z",
            "asOfDate": "2024-05-08",
            "valueDate": "2024-05-08",
            "recordTimestamp": "2024-05-08T16:12:20Z",
            "lastUpdate": null,
            "receivedTimestamp": "2024-05-08T16:12:20Z",
            "productGroup": {
                "groupCode": "FED",
                "groupDescription": "FED WIRE TRANSFERS",
                "wire": true
            },
            "debitCreditCode": "CREDIT",
            "baiType": {
                "typeCode": "195",
                "summaryTypeCode": "190",
                "description": "IND INCOMING MONEY TRANSFER",
                "shortDescription": "INDIV MONEY TRANSFER",
                "groupCode": "WIRE",
                "groupDescription": "WIRE",
                "productGroupCode": "WIRE",
                "btrsTypeCode": "195",
                "germanTypeCode": "051",
                "swiftTypeCode": "TRF"
            },
            "ddaTxnCode": "398",
            "originalTransactionCode": null,
            "fundsTypeCode": "SAME",
            "currency": {
                "code": "USD",
                "description": "US DOLLAR",
                "decimalLocation": 2,
                "currencySequence": 0
            },
            "amount": 228.00,
            "immediateAvailable": 40000.0,
            "day1Available": 0.0,
            "day2Available": 0.0,
            "day2PlusAvailable": null,
            "day3PlusAvailable": 0.0,
            "bankReferenceSearchable": {
                "standardValue": "0420060102FF",
                "searchValue": "0420060102FF"
            },
            "customerReferenceSearchable": {
                "standardValue": "ATS0001092180218",
                "searchValue": "ATS0001092180218"
            },
            "wireReferenceSearchable": null,
            "repairCode": "S",
            "reversal": false,
            "override": false,
            "transactionStatus": "O",
            "shortDescription": "FEDWIRE CREDIT",
            "wireType": "FED",
            "checkNumber": 0,
            "lockboxSequenceCode": "",
            "lockboxItems": 0.0,
            "lockboxNumber": "",
            "lockboxDepositDate": null,
            "lockboxDepositTime": null,
            "narrativeText": {
                "YOUR REF    ": "ATS0001092180218",
                "REC FROM    ": "WELLS FARGO BANK, N.A. 420 MONTGOMERY STREET SAN FRANCISCO CA 94104-1298 US",
                "FED ID      ": "121000248",
                "B/O CUSTOMER": "/25556660 RUTH ANN HEPLER , CAREY WAYNE HEPLER JT TEN APT. 6 ATLANTA GA 30306/US/",
                "B/O BANK    ": "CHARLES SCHWAB AND CO., INC. SAN FRANCISCO,US 53202",
                "REMARK      ": "REFERENCE NUMBER 009632396 /CHGS/USD0,00//CHGS/USD0,00/ /OCMT/USD40000,00/ /ACC/REFERENCE NUMBER 009632396 DEBIT REF 2023041200087808",
                "REC GFP     ": "04121610",
                "MRN SEQ     ": "2023041200087808",
                "FED REF     ": "0412 I1B7031R 009063 **VIA FED**"
            },
            "narrativeTypeCode": "T",
            "addenda": [],
            "floatSpreadCode": "3",
            "sepaDetailsXml": null,
            "postCode": "I",
            "supplementalTextSet": {},
            "supplementalTextRecordList": null,
            "supplementalText": null,
            "thirdPartyBank": false,
            "achBatchItems": null,
            "sepaType": false,
            "transactionId": "TXN-C-3929339-431289",
            "loggedAt": "2024-05-08T12:12:20.856163"
        }
    ]
}
