{
	"data": [
		{
			"account": {
				"accountId": "123456788",
				"accountName": "Currenci Direc Inc",
				"bankId": "02100002",
				"branchId": "",
				"bankName": "JPMORGAN CHASE BANK, N.A. - NEW YOR",
				"currency": {
					"code": "USD",
					"description": "US DOLLAR",
					"decimalLocation": 2,
					"currencySequence": 0
				},
				"aba": "021000021"
			},
			"asOfDateTime": "2024-06-04T20:27:32Z",
			"valueDateTime": "2024-06-04T07:40:40Z",
			"asOfDate": "2024-06-04",
			"valueDate": "2024-06-04",
			"recordTimestamp": "2024-06-04T07:40:40Z",
			"lastUpdate": null,
			"receivedTimestamp": "2024-06-04T20:27:32Z",
			"productGroup": {
				"groupCode": "CHIP",
				"groupDescription": "CHIPS TRANSFERS",
				"wire": true
			},
			"debitCreditCode": "CREDIT",
			"baiType": {
				"typeCode": "195",
				"summaryTypeCode": "190",
				"description": "IND INCOMING MONEY TRANSFER",
				"shortDescription": "INDIV MONEY TRANSFER",
				"groupCode": "WIRE",
				"groupDescription": "WIRE",
				"productGroupCode": "WIRE",
				"btrsTypeCode": "195",
				"germanTypeCode": "051",
				"swiftTypeCode": "TRF"
			},
			"ddaTxnCode": "398",
			"originalTransactionCode": null,
			"fundsTypeCode": "SAME",
			"currency": {
				"code": "USD",
				"description": "US DOLLAR",
				"decimalLocation": 2,
				"currencySequence": 0
			},
			"amount": 842,
			"immediateAvailable": 842,
			"day1Available": 0.0,
			"day2Available": 0.0,
			"day2PlusAvailable": null,
			"day3PlusAvailable": 0.0,
			"bankReferenceSearchable": {
				"standardValue": "1451630326FC",
				"searchValue": "1451630326FC"
			},
			"customerReferenceSearchable": {
				"standardValue": "O/B HSBC USA",
				"searchValue": "O/B HSBC USA"
			},
			"wireReferenceSearchable": null,
			"repairCode": "S",
			"reversal": false,
			"override": false,
			"transactionStatus": "O",
			"shortDescription": "CHIPS CREDIT",
			"wireType": "CHIP",
			"checkNumber": 0,
			"lockboxSequenceCode": "",
			"lockboxItems": 0.0,
			"lockboxNumber": "",
			"lockboxDepositDate": null,
			"lockboxDepositTime": null,
			"narrativeText": {
				"YOUR REF    ": "O/B HSBC USA",
				"REC FROM    ": "HSBC BANK USA, N.A. 842 FIFTH AVENUE NEW YORK NY 19713 US",
				"B/O CUSTOMER": "/267155719 LOUIS J GOODSON 937 HAYDEN RD EAST CALAIS VT/US",
				"REMARK      ": "VXR/ TEST TRANSFER BETWEEN ACCOUNT /CHGS/USD0,00/ /BNF/FW 028000024 DEBIT REF 326615602",
				"REC GFP     ": "118421826",
				"CHIP SEQ    ": "0036799",
				"CHIP REF    ": "554602"
			},
			"narrativeTypeCode": "T",
			"addenda": [],
			"floatSpreadCode": "3",
			"sepaDetailsXml": null,
			"postCode": "P",
			"supplementalTextSet": {},
			"supplementalTextRecordList": null,
			"supplementalText": null,
			"thirdPartyBank": false,
			"achBatchItems": null,
			"sepaType": false,
			"transactionId": "TXN-P-4136266-61037",
			"loggedAt": "2024-06-04T02:45:21.779733"
		}
	]
}
