{
    "data": [
        {
            "bankReferenceSearchable": {
                "standardValue": "3338949407TC",
                "searchValue": "3338949407TC"
            },
            "wireType": "EMPTY",
            "sepaType": false,
            "thirdPartyBank": false,
            "debitCreditCode": "CREDIT",
            "supplementalTextRecordList": null,
            "lockboxDepositTime": null,
            "addenda": [],
            "day2PlusAvailable": null,
            "repairCode": "",
            "narrativeText": {
                "ORIG ID     ": "9979293002",
                "ENTRY CLASS ": "CCD",
                "COMPANY DATA": "231129 A5M3TX I",
                "REMARK      ": "ACH ORIGIN#:8623477186 CO EFF: 23/11/30",
                "ENTRY DATE  ": "231130",
                "IND ID NO   ": "DD0000000001740",
                "DESC DATE   ": "INDOFF",
                "TRACE NO    ": "021000028949407",
                "IND NAME    ": "DD0000000001740",
                "ORIG CO NAME": "Currencies",
                "ENTRY DESCR ": "PAYMENTS",
                "ORIG BANK   ": "JPMORGAN CHASE BANK, NA NEW YORK"
            },
            "checkNumber": 0,
            "loggedAt": "2024-05-08T02:32:31.504743",
            "shortDescription": "ACH SETTLEMENT CREDI",
            "achBatchItems": null,
            "transactionId": "TXN-C-4142082-462669",
            "fundsTypeCode": "SAME",
            "lastUpdate": null,
            "lockboxDepositDate": null,
            "postCode": "I",
            "asOfDate": "2024-05-08",
            "floatSpreadCode": "3",
            "supplementalText": null,
            "wireReferenceSearchable": null,
            "lockboxItems": 0,
            "lockboxNumber": "",
            "supplementalTextSet": {},
            "asOfDateTime": "2024-05-08T07:32:00Z",
            "immediateAvailable": 16.00,
            "narrativeTypeCode": "T",
            "customerReferenceSearchable": {
                "standardValue": "DD0000000001740",
                "searchValue": null
            },
            "sepaDetailsXml": null,
            "valueDateTime": "2024-05-08T07:32:00Z",
            "currency": {
                "currencySequence": 0,
                "code": "USD",
                "description": "US DOLLAR",
                "decimalLocation": 2
            },
            "override": false,
            "amount": 16.00,
            "receivedTimestamp": "2024-05-08T07:32:31Z",
            "transactionStatus": "O",
            "day3PlusAvailable": 0,
            "originalTransactionCode": null,
            "lockboxSequenceCode": "",
            "ddaTxnCode": "192",
            "valueDate": "2024-05-08",
            "day1Available": 0,
            "recordTimestamp": "2024-05-08T07:32:31Z",
            "day2Available": 0,
            "reversal": false,
            "productGroup": {
                "wire": false,
                "groupDescription": "AUTOMATED CLEARING HOUSE",
                "groupCode": "ACH"
            },
            "baiType": {
                "productGroupCode": "ACH",
                "groupDescription": "ACH",
                "description": "ACH SETTLEMENT",
                "germanTypeCode": "805",
                "shortDescription": "ACH SETTLEMENT",
                "btrsTypeCode": "166",
                "typeCode": "166",
                "summaryTypeCode": "167",
                "groupCode": "ACH",
                "swiftTypeCode": "TRF"
            },
            "account": {
                "accountId": "000000945958726",
                "branchId": "",
                "aba": "021000021",
                "bankId": "02100002",
                "accountName": "CD Inc USD Cli",
                "bankName": "JPMORGAN CHASE BANK, N.A. - NEW YOR",
                "currency": {
                    "currencySequence": 0,
                    "code": "USD",
                    "description": "US DOLLAR",
                    "decimalLocation": 2
                }
            }
        }
    ]
}
