{
	"data": [
	    {
			"account": {
				"accountId": "0083621530",
				"accountName": "TOR FX PTY LTD AUD CLIENT ACCO",
				"bankId": "CHASAUSS",
				"branchId": "",
				"bankName": "JPMorgan Chase Bank, NA Sydney",
				"currency": {
					"code": "AUD",
					"description": "AUSTRALIAN DOLLAR",
					"decimalLocation": 2,
					"currencySequence": 0
				},
				"swift": "CHASAU2X"
			},
			"asOfDateTime": "2024-05-01T07:53:23Z",
			"valueDateTime": "2024-05-01T19:51:00Z",
			"asOfDate": "2024-05-01",
			"valueDate": "2024-05-01",
			"recordTimestamp": "2024-05-01T07:53:23Z",
			"lastUpdate": null,
			"receivedTimestamp": "2024-05-01T07:53:17Z",
			"productGroup": {
				"groupCode": "ACH",
				"groupDescription": "AUTOMATED CLEARING HOUSE",
				"wire": false
			},
			"debitCreditCode": "CREDIT",
			"baiType": {
				"typeCode": "169",
				"summaryTypeCode": "140",
				"description": "MISCELLANEOUS ACH CREDIT",
				"shortDescription": "MISC ACH CREDIT",
				"groupCode": "ACH",
				"groupDescription": "ACH",
				"productGroupCode": "ACH",
				"btrsTypeCode": "169",
				"germanTypeCode": "051",
				"swiftTypeCode": "TRF"
			},
			"ddaTxnCode": "",
			"originalTransactionCode": null,
			"fundsTypeCode": "SAME",
			"currency": {
				"code": "AUD",
				"description": "AUSTRALIAN DOLLAR",
				"decimalLocation": 2,
				"currencySequence": 0
			},
			"amount": 910,
			"immediateAvailable": 910,
			"day1Available": 0.0,
			"day2Available": 0.0,
			"day2PlusAvailable": null,
			"day3PlusAvailable": 0.0,
			"bankReferenceSearchable": {
				"standardValue": "LAU410119967607",
				"searchValue": "LAU410119967607"
			},
			"customerReferenceSearchable": {
				"standardValue": "0005747922-237",
				"searchValue": "0005747922-237"
			},
			"wireReferenceSearchable": null,
			"repairCode": "",
			"reversal": false,
			"override": false,
			"transactionStatus": "O",
			"shortDescription": "AUTOPAY - CR.",
			"wireType": "EMPTY",
			"checkNumber": 0,
			"lockboxSequenceCode": "",
			"lockboxItems": 0.0,
			"lockboxNumber": "",
			"lockboxDepositDate": null,
			"lockboxDepositTime": null,
			"narrativeText": {
				"YOUR REF    ": "0005747922-237",
				"B/O CUSTOMER": "DIANE BALDOCK",
				"PAY METHOD  ": "INCOMING DE CR",
				"PAYDET      ": "BSB=063-502,ACC NO= 10293024REF=0005747922-237"
			},
			"narrativeTypeCode": "T",
			"addenda": null,
			"floatSpreadCode": "3",
			"sepaDetailsXml": null,
			"postCode": "I",
			"supplementalTextSet": {},
			"supplementalTextRecordList": [],
			"supplementalText": null,
			"thirdPartyBank": false,
			"achBatchItems": null,
			"sepaType": false,
			"transactionId": "TXN-C-4257181-182727",
			"loggedAt": "2024-05-01T03:53:23.656390"
		}
	]
}
