{
	"data": [
		{
			"account": {
				"accountId": "0010014904",
				"accountName": "CD Ltd ILS Treasury Acc",
				"bankId": "CHASGB2L",
				"branchId": "",
				"bankName": "JPMORGAN CHASE BANK, N.A. - LONDON",
				"currency": {
					"code": "ILS",
					"description": "NEW ISRAELI SHEQEL",
					"decimalLocation": 2,
					"currencySequence": 0
				},
				"swift": "CHASGB2L"
			},
			"asOfDateTime": "2024-05-01T07:53:20Z",
			"valueDateTime": "2024-05-01T12:51:00Z",
			"asOfDate": "2024-05-01",
			"valueDate": "2024-05-01",
			"recordTimestamp": "2024-05-01T07:53:20Z",
			"lastUpdate": null,
			"receivedTimestamp": "2024-05-01T07:53:16Z",
			"productGroup": {
				"groupCode": "WIRE",
				"groupDescription": "OTHER FUNDS TRANSFERS",
				"wire": true
			},
			"debitCreditCode": "DEBIT",
			"baiType": {
				"typeCode": "495",
				"summaryTypeCode": "490",
				"description": "IND OUTGOING MONEY TRANSFERS",
				"shortDescription": "IND MONEY TRANSFER",
				"groupCode": "WIRE",
				"groupDescription": "WIRE",
				"productGroupCode": "WIRE",
				"btrsTypeCode": "495",
				"germanTypeCode": "051",
				"swiftTypeCode": "TRF"
			},
			"ddaTxnCode": "",
			"originalTransactionCode": null,
			"fundsTypeCode": "SAME",
			"currency": {
				"code": "ILS",
				"description": "NEW ISRAELI SHEQEL",
				"decimalLocation": 2,
				"currencySequence": 0
			},
			"amount": 692,
			"immediateAvailable": 692,
			"day1Available": 0.0,
			"day2Available": 0.0,
			"day2PlusAvailable": null,
			"day3PlusAvailable": 0.0,
			"bankReferenceSearchable": {
				"standardValue": "8986139",
				"searchValue": "00000000000008986139"
			},
			"customerReferenceSearchable": {
				"standardValue": "F744417221030692",
				"searchValue": "F744417221030692"
			},
			"wireReferenceSearchable": null,
			"repairCode": "",
			"reversal": false,
			"override": false,
			"transactionStatus": "O",
			"shortDescription": "OUTGOING MONEY XFR",
			"wireType": "EMPTY",
			"checkNumber": 0,
			"lockboxSequenceCode": "",
			"lockboxItems": 0.0,
			"lockboxNumber": "",
			"lockboxDepositDate": null,
			"lockboxDepositTime": null,
			"narrativeText": {
				"ORIG AMT    ": "ILS36594,",
				"YOUR REF    ": "F744417221030692",
				"PAY METHOD  ": "SWIFT PAYMENT ORDER",
				"PAID TO     ": "BANK LEUMI LE-ISRAEL BM 24-32 YEHUDA HALEVI STREET TEL AVIV 65136 ISRAEL",
				"BENEFICIARY ": "IL480108000000022012348 J.P. MORGAN SECURITIES PLC 25 BANK STREET, CANARY WHARF LONDON LN E14 5JP GB"
			},
			"narrativeTypeCode": "T",
			"addenda": [],
			"floatSpreadCode": "3",
			"sepaDetailsXml": null,
			"postCode": "I",
			"supplementalTextSet": {},
			"supplementalTextRecordList": [],
			"supplementalText": null,
			"thirdPartyBank": false,
			"achBatchItems": null,
			"sepaType": false,
			"transactionId": "TXN-C-4257181-181486",
			"loggedAt": "2024-05-01T03:53:20.554579"
		}
	]
}
