{
   "data":[
      {
         "bankReferenceSearchable":{
            "standardValue":"8685234",
            "searchValue":"00000000000008685234"
         },
         "wireType":"EMPTY",
         "sepaType":false,
         "thirdPartyBank":false,
         "debitCreditCode":"CREDIT",
         "supplementalTextRecordList":[
            
         ],
         "lockboxDepositTime":null,
         "addenda":[
            
         ],
         "day2PlusAvailable":null,
         "repairCode":"",
         "narrativeText":{
            "REMARK      ":"TRANSOCEAN HOLDINGS NON US PEN REF NO 0007677494 FFC BARRY ADDISON MONTHLY PENSION PAYMENT BNY CUST RRN - FTS908102009081000",
            "ORIG AMT    ":"USD514,11",
            "B/O CUSTOMER":"/1000690865 012100690865 TRANSOCEAN HOLDINGS NON-U.S. PENSIO N PLAN",
            "YOUR REF    ":"FTS908102009081000",
            "REC FROM    ":"BNTBKYKY     EXP: BUTTERFIELD BANK (CAYMAN) LIMITED GEORGETOWN",
            "BENEFICIARY ":"/10015203 J P MORGAN CHASE 25 BANK STREET CANARY WHARF LONDON E145JP UNITED K"
         },
         "checkNumber":0,
         "loggedAt":"2024-06-04T908:47:10.818680",
         "shortDescription":"INCOMING MONEY XFR",
         "achBatchItems":null,
         "transactionId":"TXN-C-4218548-881647",
         "fundsTypeCode":"SAME",
         "lastUpdate":null,
         "lockboxDepositDate":null,
         "postCode":"I",
         "asOfDate":"2024-06-04",
         "floatSpreadCode":"3",
         "supplementalText":null,
         "wireReferenceSearchable":null,
         "lockboxItems":0,
         "lockboxNumber":"",
         "supplementalTextSet":{
            
         },
         "asOfDateTime":"2024-02-29T03:47:10Z",
         "immediateAvailable":908,
         "narrativeTypeCode":"T",
         "customerReferenceSearchable":{
            "standardValue":"PET101424059",
            "searchValue":"PET101424059"
         },
         "sepaDetailsXml":null,
         "valueDateTime":"2024-06-04T08:45:00Z",
         "currency":{
            "currencySequence":0,
            "code":"CHF",
            "description":"SWISS FRANC",
            "decimalLocation":2
         },
         "override":false,
         "amount":908,
         "receivedTimestamp":"2024-06-04T03:47:10Z",
         "transactionStatus":"O",
         "day3PlusAvailable":0,
         "originalTransactionCode":null,
         "lockboxSequenceCode":"",
         "ddaTxnCode":"",
         "valueDate":"2024-06-04",
         "day1Available":0,
         "recordTimestamp":"2024-06-04T03:47:10Z",
         "day2Available":0,
         "reversal":false,
         "productGroup":{
            "wire":true,
            "groupDescription":"OTHER FUNDS TRANSFERS",
            "groupCode":"WIRE"
         },
         "baiType":{
            "productGroupCode":"WIRE",
            "groupDescription":"WIRE",
            "description":"IND INCOMING MONEY TRANSFER",
            "germanTypeCode":"051",
            "shortDescription":"INDIV MONEY TRANSFER",
            "btrsTypeCode":"195",
            "typeCode":"195",
            "summaryTypeCode":"190",
            "groupCode":"WIRE",
            "swiftTypeCode":"TRF"
         },
         "account":{
            "accountId":"0010015085",
            "branchId":"",
            "bankId":"CHASGB2L",
            "accountName":"CD Ltd CHF Client Acc",
            "bankName":"JPMORGAN CHASE BANK, N.A. - LONDON",
            "currency":{
               "currencySequence":0,
               "code":"CHF",
               "description":"SWISS FRANC",
               "decimalLocation":2
            },
            "swift":"CHASGB2L"
         }
      }
   ]
}
