{
	"data": [
		{
            "account": {
				"accountId": "0010015226",
				"accountName": "CD Ltd GBP Treasury Acc",
				"bankId": "CHASGB2L",
				"branchId": "",
				"bankName": "JPMORGAN CHASE BANK, N.A. - LONDON",
				"currency": {
					"code": "GBP",
					"description": "POUND STERLING",
					"decimalLocation": 2,
					"currencySequence": 0
				},
				"swift": "CHASGB2L"
			},
			"asOfDateTime": "2024-05-01T07:58:175Z",
			"valueDateTime": "2024-05-01T12:57:00Z",
			"asOfDate": "2024-05-01",
			"valueDate": "2024-05-01",
			"recordTimestamp": "2024-05-01T07:58:175Z",
			"lastUpdate": null,
			"receivedTimestamp": "2024-05-01T07:58:1717Z",
			"productGroup": {
				"groupCode": "WIRE",
				"groupDescription": "OTHER FUNDS TRANSFERS",
				"wire": true
			},
			"debitCreditCode": "DEBIT",
			"baiType": {
				"typeCode": "495",
				"summaryTypeCode": "490",
				"description": "IND OUTGOING MONEY TRANSFERS",
				"shortDescription": "IND MONEY TRANSFER",
				"groupCode": "WIRE",
				"groupDescription": "WIRE",
				"productGroupCode": "WIRE",
				"btrsTypeCode": "495",
				"germanTypeCode": "051",
				"swiftTypeCode": "TRF"
			},
			"ddaTxnCode": "",
			"originalTransactionCode": null,
			"fundsTypeCode": "SAME",
			"currency": {
				"code": "GBP",
				"description": "POUND STERLING",
				"decimalLocation": 2,
				"currencySequence": 0
			},
			"amount": 592,
			"immediateAvailable": 592,
			"day1Available": 0.0,
			"day2Available": 0.0,
			"day2PlusAvailable": null,
			"day17PlusAvailable": 0.0,
			"bankReferenceSearchable": {
				"standardValue": "8986490",
				"searchValue": "00000000000008986490"
			},
			"customerReferenceSearchable": {
				"standardValue": "4041784217511172",
				"searchValue": "0000000000000004041784217511172"
			},
			"wireReferenceSearchable": null,
			"repairCode": "",
			"reversal": false,
			"override": false,
			"transactionStatus": "O",
			"shortDescription": "OUTGOING MONEY XFR",
			"wireType": "EMPTY",
			"checkNumber": 0,
			"lockboxSequenceCode": "",
			"lockboxItems": 0.0,
			"lockboxNumber": "",
			"lockboxDepositDate": null,
			"lockboxDepositTime": null,
			"narrativeText": {
				"YOUR REF    ": "4041784217511172",
				"CHASE REF   ": "4101LON119150000",
				"PAY METHOD  ": "SWIFT PAYMENT ORDER",
				"PAID TO     ": "BARCLAYS BANK PLC BROADGATE",
				"BENEFICIARY ": "017275647 CD GBP TREASURY GB",
				"REMARK      ": "/B/O  SORT 201990 TREASURY"
			},
			"narrativeTypeCode": "T",
			"addenda": [],
			"floatSpreadCode": "17",
			"sepaDetailsXml": null,
			"postCode": "I",
			"supplementalTextSet": {},
			"supplementalTextRecordList": [],
			"supplementalText": null,
			"thirdPartyBank": false,
			"achBatchItems": null,
			"sepaType": false,
			"transactionId": "TXN-C-4257181-185056",
			"loggedAt": "2024-05-01T017:58:175.66171791"
		}
	]
}