{
    "data": [
        {
            "account": {
                "accountId": "0083621549",
                "accountName": "TOR FX PTY LTD AUD CLIENT ACCO",
                "bankId": "CHASAUSS",
                "branchId": "",
                "bankName": "JPMorgan Chase Bank, NA Sydney",
                "currency": {
                    "code": "USD",
                    "description": "AUSTRALIAN DOLLAR",
                    "decimalLocation": 2,
                    "currencySequence": 0
                },
                "swift": "CHASAU2X"
            },
            "asOfDateTime": "2024-05-02T00:20:48Z",
            "valueDateTime": "2024-05-02T05:20:00Z",
            "asOfDate": "2024-05-02",
            "valueDate": "2024-05-02",
            "recordTimestamp": "2024-05-02T00:20:48Z",
            "lastUpdate": null,
            "receivedTimestamp": "2024-05-02T00:20:48Z",
            "productGroup": {
                "groupCode": "WIRE",
                "groupDescription": "OTHER FUNDS TRANSFERS",
                "wire": true
            },
            "debitCreditCode": "CREDIT",
            "baiType": {
                "typeCode": "158",
                "summaryTypeCode": "159",
                "description": "REAL TIME PAYMENT",
                "shortDescription": "REAL TIME PAYMENT",
                "groupCode": "WIRE",
                "groupDescription": "WIRE",
                "productGroupCode": "WIRE",
                "btrsTypeCode": "158",
                "germanTypeCode": "051",
                "swiftTypeCode": "TRF"
            },
            "ddaTxnCode": "",
            "originalTransactionCode": null,
            "fundsTypeCode": "SAME",
            "currency": {
                "code": "USD",
                "description": "AUSTRALIAN DOLLAR",
                "decimalLocation": 2,
                "currencySequence": 0
            },
            "amount": 287.0,
            "immediateAvailable": 287.0,
            "day1Available": 0.0,
            "day2Available": 0.0,
            "day2PlusAvailable": null,
            "day3PlusAvailable": 0.0,
            "bankReferenceSearchable": {
                "standardValue": "14BYKF0Q55VL",
                "searchValue": "14BYKF0Q55VL"
            },
            "customerReferenceSearchable": {
                "standardValue": "TORFX 0012576736",
                "searchValue": "TORFX 0012576736"
            },
            "wireReferenceSearchable": null,
            "repairCode": "",
            "reversal": false,
            "override": false,
            "transactionStatus": "O",
            "shortDescription": "REAL TIME PAYMENT CR",
            "wireType": "EMPTY",
            "checkNumber": 0,
            "lockboxSequenceCode": "",
            "lockboxItems": 0.0,
            "lockboxNumber": "",
            "lockboxDepositDate": null,
            "lockboxDepositTime": null,
            "narrativeText": {
                "YOUR REF    ": "TORFX 0012576736",
                "BENEFICIARY2": "062145",
                "PAY METHOD  ": "INWARD RTP",
                "B/O CUSTOMER": "/16049370 /SARAH GOFFIN",
                "REC FROM    ": "000000",
                "PAYDET      ": "RmtInf-0012576736"
            },
            "narrativeTypeCode": "T",
            "addenda": null,
            "floatSpreadCode": "3",
            "sepaDetailsXml": null,
            "postCode": "I",
            "supplementalTextSet": {},
            "supplementalTextRecordList": null,
            "supplementalText": null,
            "thirdPartyBank": false,
            "achBatchItems": null,
            "sepaType": false,
            "transactionId": "TXN-C-4264602-1742785874",
            "loggedAt": "2024-04-18T20:20:48.290000"
        }
    ]
}
