{
  "data": [
    {
      "account": {
        "accountId": "0083621530",
        "accountName": "TOR FX PTY LTD AUD CLIENT ACCO",
        "bankId": "CHASAUSS",
        "branchId": "",
        "bankName": "JPMorgan Chase Bank, NA Sydney",
        "currency": {
          "code": "AUD",
          "description": "AUSTRALIAN DOLLAR",
          "decimalLocation": 2,
          "currencySequence": 0
        },
        "swift": "CHASAU2X"
      },
      "asOfDateTime": "2024-05-02T00:20:48Z",
      "valueDateTime": "2024-05-02T05:20:00Z",
      "asOfDate": "2024-05-02",
      "valueDate": "2024-05-02",
      "recordTimestamp": "2024-05-02T00:20:48Z",
      "lastUpdate": null,
      "receivedTimestamp": "2024-05-02T00:20:48Z",
      "productGroup": {
        "groupCode": "WIRE",
        "groupDescription": "OTHER FUNDS TRANSFERS",
        "wire": true
      },
      "debitCreditCode": "CREDIT",
      "baiType": {
        "typeCode": "158",
        "summaryTypeCode": "159",
        "description": "REAL TIME PAYMENT",
        "shortDescription": "REAL TIME PAYMENT",
        "groupCode": "WIRE",
        "groupDescription": "WIRE",
        "productGroupCode": "WIRE",
        "btrsTypeCode": "158",
        "germanTypeCode": "051",
        "swiftTypeCode": "TRF"
      },
      "ddaTxnCode": "",
      "originalTransactionCode": null,
      "fundsTypeCode": "SAME",
      "currency": {
        "code": "AUD",
        "description": "AUSTRALIAN DOLLAR",
        "decimalLocation": 2,
        "currencySequence": 0
      },
      "amount": 122,
      "immediateAvailable": 122,
      "day1Available": 0.0,
      "day2Available": 0.0,
      "day2PlusAvailable": null,
      "day3PlusAvailable": 0.0,
      "bankReferenceSearchable": {
        "standardValue": "14BYKF0Q55VL",
        "searchValue": "14BYKF0Q55VL"
      },
      "customerReferenceSearchable": {
        "standardValue": "TORFX 0012576736",
        "searchValue": "TORFX 0012576736"
      },
      "wireReferenceSearchable": null,
      "repairCode": "",
      "reversal": false,
      "override": false,
      "transactionStatus": "O",
      "shortDescription": "REAL TIME PAYMENT CR",
      "wireType": "EMPTY",
      "checkNumber": 0,
      "lockboxSequenceCode": "",
      "lockboxItems": 0.0,
      "lockboxNumber": "",
      "lockboxDepositDate": null,
      "lockboxDepositTime": null,
      "narrativeText": {
        "YOUR REF    ": "TORFX 0012576736",
        "BENEFICIARY2": "062145",
        "PAY METHOD  ": "INWARD RTP",
        "B/O CUSTOMER": "/10315663 /ENDA FLANNERY",
        "REC FROM    ": "000000",
        "PAYDET      ": "RmtInf-0012576736"
      },
      "narrativeTypeCode": "T",
      "addenda": null,
      "floatSpreadCode": "3",
      "sepaDetailsXml": null,
      "postCode": "I",
      "supplementalTextSet": {},
      "supplementalTextRecordList": null,
      "supplementalText": null,
      "thirdPartyBank": false,
      "achBatchItems": null,
      "sepaType": false,
      "transactionId": "TXN-C-4264602-1742785874",
      "loggedAt": "2024-04-18T20:20:48.290000"
    },
    {
      "account": {
        "accountId": "0017005991",
        "accountName": "TOR FX PTY LTD NZD CLIENT ACCO",
        "bankId": "CHASNZ2X",
        "branchId": "",
        "bankName": "JPMorgan Chase Bank, NA New Zealand",
        "currency": {
          "code": "NZD",
          "description": "NEW ZEALAND DOLLAR",
          "decimalLocation": 2,
          "currencySequence": 0
        },
        "swift": "CHASNZ2A"
      },
      "asOfDateTime": "2024-05-02T00:24:44Z",
      "valueDateTime": "2024-05-02T12:22:00Z",
      "asOfDate": "2024-05-02",
      "valueDate": "2024-05-02",
      "recordTimestamp": "2024-05-02T00:24:44Z",
      "lastUpdate": null,
      "receivedTimestamp": "2024-05-02T00:24:33Z",
      "productGroup": {
        "groupCode": "WIRE",
        "groupDescription": "OTHER FUNDS TRANSFERS",
        "wire": true
      },
      "debitCreditCode": "CREDIT",
      "baiType": {
        "typeCode": "495",
        "summaryTypeCode": "490",
        "description": "IND OUTGOING MONEY TRANSFERS",
        "shortDescription": "IND MONEY TRANSFER",
        "groupCode": "WIRE",
        "groupDescription": "WIRE",
        "productGroupCode": "WIRE",
        "btrsTypeCode": "495",
        "germanTypeCode": "051",
        "swiftTypeCode": "TRF"
      },
      "ddaTxnCode": "",
      "originalTransactionCode": null,
      "fundsTypeCode": "SAME",
      "currency": {
        "code": "NZD",
        "description": "NEW ZEALAND DOLLAR",
        "decimalLocation": 2,
        "currencySequence": 0
      },
      "amount": 82,
      "immediateAvailable": 82,
      "day1Available": 0.0,
      "day2Available": 0.0,
      "day2PlusAvailable": null,
      "day3PlusAvailable": 0.0,
      "bankReferenceSearchable": {
        "standardValue": "T85CCLC279279",
        "searchValue": "T85CCLC279279"
      },
      "customerReferenceSearchable": {
        "standardValue": "404190012166277",
        "searchValue": "000000000000000404190012166277"
      },
      "wireReferenceSearchable": null,
      "repairCode": "",
      "reversal": false,
      "override": false,
      "transactionStatus": "O",
      "shortDescription": "OUTGOING MONEY XFR",
      "wireType": "EMPTY",
      "checkNumber": 0,
      "lockboxSequenceCode": "",
      "lockboxItems": 0.0,
      "lockboxNumber": "",
      "lockboxDepositDate": null,
      "lockboxDepositTime": null,
      "narrativeText": {
        "YOUR REF    ": "404190012166277",
        "EXCH RATE   ": "1.0000000",
        "CHASE REF   ": "4110NZH002010000",
        "B/O CUSTOMER": "Malcolm Miller 24 Pukemarino 0812 Waimauku Auck land NZL Auckland 0812NZ",
        "PAY METHOD  ": "LOCAL CCY 103",
        "PAID TO     ": "KIWINZ22XXX",
        "BENEFICIARY ": "MALCOLM MILLER",
        "BENE ACCOUNT": "389012016727100",
        "PAYDET      ": "/B/O  18apr24 LIVING FUNDS TRANSFERFROM AUSTRALIA"
      },
      "narrativeTypeCode": "T",
      "addenda": [],
      "floatSpreadCode": "3",
      "sepaDetailsXml": null,
      "postCode": "I",
      "supplementalTextSet": {},
      "supplementalTextRecordList": [],
      "supplementalText": null,
      "thirdPartyBank": false,
      "achBatchItems": null,
      "sepaType": false,
      "transactionId": "TXN-C-4264656-693235",
      "loggedAt": "2024-05-02T20:24:44.321075"
    }
  ]
}