{
	"data": [
		{
			"account": {
				"accountId": "0083621530",
				"accountName": "TOR FX PTY LTD AUD CLIENT ACCO",
				"bankId": "CHASAUSS",
				"branchId": "",
				"bankName": "JPMorgan Chase Bank, NA Sydney",
				"currency": {
					"code": "AUD",
					"description": "AUSTRALIAN DOLLAR",
					"decimalLocation": 2,
					"currencySequence": 0
				},
				"swift": "CHASAU2X"
			},
			"asOfDateTime": "2024-05-07T07:46:01Z",
			"valueDateTime": "2024-05-07T12:45:00Z",
			"asOfDate": "2024-05-07",
			"valueDate": "2024-05-07",
			"recordTimestamp": "2024-05-07T07:46:01Z",
			"lastUpdate": null,
			"receivedTimestamp": "2024-05-07T07:46:01Z",
			"productGroup": {
				"groupCode": "WIRE",
				"groupDescription": "OTHER FUNDS TRANSFERS",
				"wire": true
			},
			"debitCreditCode": "CREDIT",
			"baiType": {
				"typeCode": "158",
				"summaryTypeCode": "159",
				"description": "REAL TIME PAYMENT",
				"shortDescription": "REAL TIME PAYMENT",
				"groupCode": "WIRE",
				"groupDescription": "WIRE",
				"productGroupCode": "WIRE",
				"btrsTypeCode": "158",
				"germanTypeCode": "051",
				"swiftTypeCode": "TRF"
			},
			"ddaTxnCode": "",
			"originalTransactionCode": null,
			"fundsTypeCode": "SAME",
			"currency": {
				"code": "AUD",
				"description": "AUSTRALIAN DOLLAR",
				"decimalLocation": 2,
				"currencySequence": 0
			},
			"amount": 303,
			"immediateAvailable": 303,
			"day1Available": 0.0,
			"day2Available": 0.0,
			"day2PlusAvailable": null,
			"day3PlusAvailable": 0.0,
			"bankReferenceSearchable": {
				"standardValue": "14CHW9XDNPVS",
				"searchValue": "14CHW9XDNPVS"
			},
			"customerReferenceSearchable": {
				"standardValue": "NOTPROVIDED",
				"searchValue": "NOTPROVIDED"
			},
			"wireReferenceSearchable": null,
			"repairCode": "",
			"reversal": false,
			"override": false,
			"transactionStatus": "O",
			"shortDescription": "REAL TIME PAYMENT CR",
			"wireType": "EMPTY",
			"checkNumber": 0,
			"lockboxSequenceCode": "",
			"lockboxItems": 0.0,
			"lockboxNumber": "",
			"lockboxDepositDate": null,
			"lockboxDepositTime": null,
			"narrativeText": {
				"YOUR REF    ": "NOTPROVIDED",
				"BENEFICIARY2": "112879",
				"PAY METHOD  ": "INWARD RTP",
				"B/O CUSTOMER": "/478988759 /AUS RAILWAY SERVICES",
				"REC FROM    ": "112879",
				"PAYDET      ": "RmtInf-TORFX DLL"
			},
			"narrativeTypeCode": "T",
			"addenda": null,
			"floatSpreadCode": "3",
			"sepaDetailsXml": null,
			"postCode": "I",
			"supplementalTextSet": {},
			"supplementalTextRecordList": null,
			"supplementalText": null,
			"thirdPartyBank": false,
			"achBatchItems": null,
			"sepaType": false,
			"transactionId": "TXN-C-4257196-1731345282",
			"loggedAt": "2024-05-07T03:46:01.310000"
		}
	]
}
