{
	"data": [
		{
            "account": {
				"accountId": "0010014888",
				"accountName": "CD Ltd CZK Treasury Acc",
				"bankId": "CHASGB2L",
				"branchId": "",
				"bankName": "JPMORGAN CHASE BANK, N.A. - LONDON",
				"currency": {
					"code": "CZK",
					"description": "CZECH KORUNA",
					"decimalLocation": 2,
					"currencySequence": 0
				},
				"swift": "CHASGB2L"
			},
			"asOfDateTime": "2024-05-01T07:53:20Z",
			"valueDateTime": "2024-05-01T12:51:00Z",
			"asOfDate": "2024-05-01",
			"valueDate": "2024-05-01",
			"recordTimestamp": "2024-05-01T07:53:20Z",
			"lastUpdate": null,
			"receivedTimestamp": "2024-05-01T07:53:16Z",
			"productGroup": {
				"groupCode": "WIRE",
				"groupDescription": "OTHER FUNDS TRANSFERS",
				"wire": true
			},
			"debitCreditCode": "DEBIT",
			"baiType": {
				"typeCode": "495",
				"summaryTypeCode": "490",
				"description": "IND OUTGOING MONEY TRANSFERS",
				"shortDescription": "IND MONEY TRANSFER",
				"groupCode": "WIRE",
				"groupDescription": "WIRE",
				"productGroupCode": "WIRE",
				"btrsTypeCode": "495",
				"germanTypeCode": "051",
				"swiftTypeCode": "TRF"
			},
			"ddaTxnCode": "",
			"originalTransactionCode": null,
			"fundsTypeCode": "SAME",
			"currency": {
				"code": "CZK",
				"description": "CZECH KORUNA",
				"decimalLocation": 2,
				"currencySequence": 0
			},
			"amount": 792,
			"immediateAvailable": 792,
			"day1Available": 0.0,
			"day2Available": 0.0,
			"day2PlusAvailable": null,
			"day3PlusAvailable": 0.0,
			"bankReferenceSearchable": {
				"standardValue": "8986141",
				"searchValue": "00000000000008986141"
			},
			"customerReferenceSearchable": {
				"standardValue": "F744635751031057",
				"searchValue": "F744635751031057"
			},
			"wireReferenceSearchable": null,
			"repairCode": "",
			"reversal": false,
			"override": false,
			"transactionStatus": "O",
			"shortDescription": "OUTGOING MONEY XFR",
			"wireType": "EMPTY",
			"checkNumber": 0,
			"lockboxSequenceCode": "",
			"lockboxItems": 0.0,
			"lockboxNumber": "",
			"lockboxDepositDate": null,
			"lockboxDepositTime": null,
			"narrativeText": {
				"ORIG AMT    ": "CZK7150,20",
				"YOUR REF    ": "F744635751031057",
				"PAY METHOD  ": "SWIFT PAYMENT ORDER",
				"PAID TO     ": "CESKOSLOVENSKA OBCHODNI BANKA AS RADLICKA 333/150 150 57 PRAGUE 5 CZECH REPUBLIC",
				"BENEFICIARY ": "CZ2203000020140066566293 J.P. MORGAN SECURITIES PLC 25 BANK STREET, CANARY WHARF LONDON LN E14 5JP GB"
			},
			"narrativeTypeCode": "T",
			"addenda": [],
			"floatSpreadCode": "3",
			"sepaDetailsXml": null,
			"postCode": "I",
			"supplementalTextSet": {},
			"supplementalTextRecordList": [],
			"supplementalText": null,
			"thirdPartyBank": false,
			"achBatchItems": null,
			"sepaType": false,
			"transactionId": "TXN-C-4257181-181500",
			"loggedAt": "2024-05-01T03:53:20.607058"
		}
	]
}
