{
	"data": [
		{
			"account": {
				"accountId": "0010015203",
				"accountName": "CD Ltd USD Client Acc",
				"bankId": "CHASGB2L",
				"branchId": "",
				"bankName": "JPMORGAN CHASE BANK, N.A. - LONDON",
				"currency": {
					"code": "USD",
					"description": "US DOLLAR",
					"decimalLocation": 2,
					"currencySequence": 0
				},
				"swift": "CHASGB2L"
			},
			"asOfDateTime": "2024-05-28T13:43:49Z",
			"valueDateTime": "2024-05-28T17:38:00Z",
			"asOfDate": "2024-05-28",
			"valueDate": "2024-05-28",
			"recordTimestamp": "2024-05-28T13:43:49Z",
			"lastUpdate": null,
			"receivedTimestamp": "2024-05-28T13:43:47Z",
			"productGroup": {
				"groupCode": "BOOK",
				"groupDescription": "BOOK TRANSFERS",
				"wire": true
			},
			"debitCreditCode": "CREDIT",
			"baiType": {
				"typeCode": "206",
				"summaryTypeCode": "190",
				"description": "BOOK TRANSFER CREDIT",
				"shortDescription": "BOOK TRANSFER",
				"groupCode": "WIRE",
				"groupDescription": "WIRE",
				"productGroupCode": "BOOK",
				"btrsTypeCode": "206",
				"germanTypeCode": "097",
				"swiftTypeCode": "TRF"
			},
			"ddaTxnCode": "",
			"originalTransactionCode": null,
			"fundsTypeCode": "SAME",
			"currency": {
				"code": "USD",
				"description": "US DOLLAR",
				"decimalLocation": 2,
				"currencySequence": 0
			},
			"amount": 864,
			"immediateAvailable": 864,
			"day1Available": 0.0,
			"day2Available": 0.0,
			"day2PlusAvailable": null,
			"day3PlusAvailable": 0.0,
			"bankReferenceSearchable": {
				"standardValue": "2047506",
				"searchValue": "00000000000002047506"
			},
			"customerReferenceSearchable": {
				"standardValue": "4501909",
				"searchValue": "000000000000000000000004501909"
			},
			"wireReferenceSearchable": null,
			"repairCode": "",
			"reversal": false,
			"override": false,
			"transactionStatus": "O",
			"shortDescription": "BOOK TRANSFER",
			"wireType": "EMPTY",
			"checkNumber": 0,
			"lockboxSequenceCode": "",
			"lockboxItems": 0.0,
			"lockboxNumber": "",
			"lockboxDepositDate": null,
			"lockboxDepositTime": null,
			"narrativeText": {
				"YOUR REF    ": "4501909",
				"B/O CUSTOMER": "23196501 SCHLUMBERGER GLOBAL RESOURCES LTD CLARENDON HOUSE 2 CHURCH STREET",
				"BENEFICIARY ": "/GB81CHAS60924210015203 CD LTD USD CLIENT ACCOUNT",
				"REC FROM    ": "JPMORGAN CHASE BANK LONDON",
				"REMARK      ": "FFC TO HYWEL EVANS REF 0007649194"
			},
			"narrativeTypeCode": "T",
			"addenda": null,
			"floatSpreadCode": "3",
			"sepaDetailsXml": null,
			"postCode": "I",
			"supplementalTextSet": {},
			"supplementalTextRecordList": [],
			"supplementalText": null,
			"thirdPartyBank": false,
			"achBatchItems": null,
			"sepaType": false,
			"transactionId": "TXN-C-4230438-504322",
			"loggedAt": "2024-05-28T09:43:49.232159"
		}
	]
}
